,1,2,3,4,5,6,7,8,9,10,11,12,13,14,15,16,17,18,19,20,21,22,23,24,25,26,27,28,29,30,31,32,33,34,35,36,37,38,39,40,41,42,43,44,45,46,47,48,49,50,51,52,53,54,55,56,57,58,59,60,61,62,63,64,65,66,67,68,69,70,71,72,73,74,75,76,77,78,79,80,81,82,83,84,85,86,87,88,89,90,91,92,93,95,96,97
1,1.0,0.032664554716714554,-0.032267473046532893,0.016358909509472705,-0.01688272079059528,0.04522949933559403,0.014314469591105524,0.013465290720493997,0.06190542611211734,-0.004469326692774187,-0.023683864180019124,0.033984913035283275,0.041104741262292716,-0.00022314352504530267,0.04496154331529801,0.04475332399680685,0.006002413532647022,0.029319022419887965,0.015706980537616086,-0.0034601718638073192,0.014908380273592628,0.0029947944308224292,0.00024706160186980337,0.04410942866552304,0.0008714892236880234,-0.04289958034473785,-0.009750828607882227,-0.05000784054656485,0.01856260620683978,0.05147140046693098,-0.009539422213157258,-0.03801059295843605,0.003322827024566738,0.018784339379613157,-0.04150848275975538,0.030032465892292852,-0.03902053326363184,0.03760198221238616,0.028753933284519726,0.005724222397452476,-0.025148834853399932,0.0017646759118241599,-0.10237290563884027,0.005804158914157892,-0.0023772239304972074,0.0,0.07132893368483142,0.059246275175493225,0.14845529673917252,-0.006241843068504073,0.022165000527192943,0.03188871189210488,-0.02163252046142015,0.04222536599153871,0.02132536139779554,0.03373889477685374,0.0034406001339962536,-0.022014297232895275,-0.02210575715954132,0.03209079332523118,-0.007596068062173313,0.01702896504687587,-0.008459221663364947,0.024368641383043812,0.03670826048550124,0.10934785057423575,0.03724796721130348,-0.08080050690052318,-0.021920508892983716,0.004699538371516275,-0.01456044371471009,0.10474027186566694,0.001094679426444655,-0.07049147446031825,-0.12516686092823445,0.009277810952598657,-0.0005271037176577684,-0.014147587853810983,-0.017047587675773926,0.05736000909252134,0.015294441227236385,0.052642684141822105,-6.0056132425632914e-05,-0.0340029769657393,-0.03250198486058069,-0.053852199104234014,0.0050143311674917266,0.061658785768762915,0.11714620313859621,-0.019077994241557827,-0.02597481498760568,0.02102532764088003,-0.050654634881927466,0.03884049991180093,-0.03609360739438021,-0.01818994221349589
2,0.032664554716714554,0.9999999999999998,0.023591983382763825,-0.016699441307206637,-0.03259995524490063,-0.019153795438879892,0.06283505959446359,-0.0020452762577684684,0.06097795457983628,-0.004653925709726222,0.048359751542284286,0.01702634494980972,0.11859896216301208,0.05272387584923388,0.11199185680006637,0.0,0.022986654258158976,0.09121413515737198,0.042198740570429424,0.06133756892861621,0.008184705481284502,0.07081080916800064,-0.00793148465572613,-0.00720003150314074,0.02513552187686576,0.006267257407506581,-0.0014029096793547182,-0.021827894843850507,0.05640305105887237,0.042797353961481835,0.031563789451913314,0.007539290635518446,0.0910623348604078,0.028732564190492235,0.017106559582727512,0.05489981101214932,0.02591670550031988,0.008707441282820068,0.057561088024309454,0.013087761150222622,0.008433880433181737,0.05070242295164219,0.026061408234324367,0.030159021199770458,-0.00012376022095743604,0.02358001883728989,-0.062054725094228685,0.07257034436137028,0.092796781433564,-0.03405842712108823,0.023352749223017572,0.03388406168666906,0.04995854015596204,0.02342943856093527,0.11925212500035498,-0.06103716323980756,0.017763902309324554,0.0421549133439,0.045896775313429825,0.023597808971722117,0.022451690764551,-0.011740894199846657,0.028665356184265557,0.05736243229251661,0.06359301820426345,0.11458719903866867,-0.022233511384851773,0.0067159928053167955,-0.02348223154163902,0.031014653736397398,0.04562280725072537,0.016644441597917538,0.056284984765173324,0.007080798006322737,-0.007666113910133484,0.04843572651175444,0.022482488032222695,-0.004027735632795099,0.02597732406604253,0.0895821371507575,-0.0012675438929388209,0.1670021154444276,0.011250820298670434,0.07461640873902202,0.00959154269202418,0.03348109394400815,0.15086770388860463,0.08467992308487969,0.05517098426736657,0.0636514000797748,-0.002005991034477363,0.01263282117493756,0.04242396565476398,0.11413502083653723,0.02817628619962255,0.035128466876043624
3,-0.032267473046532893,0.023591983382763825,0.9999999999999998,0.042520953173478176,-0.03127361939288246,-0.01096458536859596,0.05789478125853338,-0.04032791056111742,-0.02161978366695763,0.0030361964954821255,-0.027865939890861613,0.0494960818829068,0.0721740990625337,-0.034938739895692676,0.09364542891259339,0.0427034826444468,-0.03803411598977998,0.072052464361072,-0.029971299126636944,0.002417305262573948,0.006767619237628473,-0.014019711817632587,-0.06364223355926493,0.05188106576562267,0.010560282953181028,-0.0015819126145365102,0.0640934432645305,0.06063496008999744,0.08934026818563258,-0.06636853334796247,-0.01181045831223543,-0.028464198702786728,0.03784051298558122,0.016013502979199203,0.057345385210997225,0.03784861026149592,0.03237830131522764,0.017348646298025076,-0.028991255262754402,0.032577076812797916,0.03638816088344728,-0.02178786719900471,-0.023401033679565836,0.04430736617321163,-0.047006448408814495,-0.029267499352812285,0.07191577615929931,0.010622067673666151,0.09446200351637082,0.028766161672551523,-0.03640377071757267,0.15244322536274302,0.006938394087245254,0.08476740152987909,-0.06741306205988158,0.015252317784144435,0.04226731448941298,-0.02144080783722714,0.022264193448919275,0.08516807351618255,0.0,0.006567045117835868,-0.01021032504081873,0.037922546786417065,-0.027326430724053725,0.03443975142929048,-0.007865855193763756,0.056450961922459575,-0.017646413065375635,-0.028331016949134345,0.07160129993139659,0.02803611561953808,-0.01909726027065837,-0.044910654836517544,-0.021407644203872957,-0.015288845901178984,-0.03166856303849587,0.005278128994268428,0.025271566065677445,-0.007420854656920647,0.022547904173547715,0.003251204621029622,0.018116392569597416,0.16700456582035664,0.005095725487078694,0.026978324840608643,0.07066799685657896,0.1162968141961467,0.029656648173268917,0.03144216171031281,0.07942393337262896,0.01848085838903538,0.06617118719240332,-0.11411055860277058,0.08143900358839735,0.0256085116809614
4,0.016358909509472705,-0.016699441307206637,0.042520953173478176,0.9999999999999999,-0.002769226643935054,0.03202758481125821,-0.03151032961210727,0.03100238626783751,0.02153822180776706,-0.03815790206416566,0.0015721776509097663,0.03772674940169407,-0.037893862999107304,0.016579290281533616,-0.012660376911306377,0.0,0.015480235870309758,0.05688131789619334,-0.03126288633206544,0.006826953707976305,-0.07984965202958381,-0.043109881760233316,-0.023802302744489166,0.055934319671031976,-0.01700485482633589,0.02479329305871706,0.025068325558139364,-0.074547442953648,0.001521881169988061,-0.008645286462344554,-0.014499736176154713,-0.005927935752783938,-0.05101169789699065,-0.0399572576621566,-0.013589845755126017,-0.06767111335624894,0.01896753349714929,0.0,0.02470094529968541,0.012515431251067676,-0.10446608224172409,-0.04054341895089057,0.0,-0.023783271070972983,0.0,0.0,0.0,-0.0015912522980937732,-0.049708307258216955,0.0004814130995931648,0.20783583675165512,0.027050234793433506,0.000545960996590337,-0.000875873953598639,0.0,0.018442070729698733,-0.027865757206087277,-0.00563549825756368,-0.01258376509729097,0.0,0.0,0.047638929354876895,0.007783403052423583,0.09250672048565389,-0.04024271434383013,-0.052471772286287376,0.03247216765449419,-0.01171924501803313,0.03979431570323805,-0.01327376715859583,0.040741387061868015,-0.015204737928947068,0.005566218764049238,0.0,0.0010116243820788757,0.01324181758096148,0.0,0.0,0.0,0.03001728432247537,0.10433000574501286,7.78703373551908e-05,-0.01658673722499182,-0.05273714082653905,-0.023592774326821143,0.03395368718332521,0.09239574881465415,0.018731236228130124,0.05574247424632253,-0.0018416759616337857,0.0,-0.016603416216864297,0.011697316043650274,-0.029343855218408807,0.04938484790603332,-0.006819804503719637
5,-0.01688272079059528,-0.03259995524490063,-0.03127361939288246,-0.002769226643935054,0.9999999999999999,-0.04603717325613372,0.009481633321855221,0.04586396321097334,0.01523508398983117,-0.004925447921576516,0.08220205981340695,0.02417827419084736,0.042914674334168165,0.005670078700111141,-0.05518222336556694,0.014803592618566983,0.027023235041341288,0.012621732799595367,0.013781946013186445,0.0022201753766037374,0.019799961933844968,0.04968845944399581,0.027788522665076004,0.05875841811323348,-0.025356884732865473,-0.05498640334722199,0.03491374965788996,0.01391952821040502,0.023318679130187325,0.032148639978771223,-0.018076556722455523,0.01378763700625516,-0.012364407624496967,-0.0011500662658245758,0.029435037616717882,0.036487518892075084,-0.0007605614325346269,-0.026562232296041044,0.13046880581579773,0.006959383047093018,-0.022757453652933534,-0.00850932225727936,-0.00810621348972941,0.023248641294688253,-0.037954812092037715,0.05082161580469471,-0.0737407718992327,0.023239057259945024,-0.011879624784402756,0.0202470371567982,-0.04233490698269092,-0.03985094620172469,0.09399266253227279,-0.00028066452772337815,-0.11376718565446492,-0.00031386396653757323,0.06817977792511364,0.10082562114044735,0.0488153475756566,0.0024597773448914377,-0.02702689361384536,0.009777423061397094,0.05920148633200435,-0.008326357133899107,-0.035382252208502926,-0.05787998490971625,-0.01251737179908863,0.00969184251751989,0.05458843751603994,-0.008148959922041465,-0.029708658317476353,-0.012060059190268507,0.0013754376489115167,0.04089796436996965,0.010777924931767848,0.113166173642273,0.10826802903910389,0.05195053539611627,-0.025681892489948104,-0.02876256676328686,0.0015989914126145676,-0.050044369923933615,0.011018906313914084,0.02026952877730982,0.021886363172930013,-0.07311352070676685,-0.028091495700854483,0.005598713028898268,-0.040573632755181645,0.013035427491695261,-0.0651204152675073,0.0011509670982467336,-0.019226582339795528,-0.08882530057305926,-0.020734922769334384,0.016738218257301207
6,0.04522949933559403,-0.019153795438879892,-0.01096458536859596,0.03202758481125821,-0.04603717325613372,1.0,0.02485019834460863,-0.07288203782044365,-0.0353735360584574,0.06621703515466194,-0.04467580797796523,0.0,-0.04332861224844726,-0.044531009907620565,0.04214766887398744,-0.0020046355107544646,-0.05985638941386147,-0.03776815460681037,-0.04272407010242696,0.04099524332948071,-0.04153421734336159,-0.02455066717586048,-0.058903758926366206,-0.06000878841100102,0.0018148689161169296,-0.05071189690189328,-0.008753957948661156,-0.03341898700964509,0.035134866550861246,-0.05315602956530603,-0.0012345474319012473,-0.03648111191473343,-0.01557138368187352,0.01036938465709224,-0.10071507020975336,0.0082244481156989,0.06789013974711261,0.008671574502411829,-0.050175044072165664,0.021143530342473467,0.0046786363355753,0.0014459313049820593,0.014222533993337984,0.011686671046145208,0.023158937202233266,0.0,-0.036921128666581114,-0.023442837928763206,-0.04608564729803481,-0.1364471621947435,0.06340731922006576,-0.06245113435957623,-0.02128728910616087,0.0005284525751968237,0.07469291722519177,-0.054679832308034776,-0.03972459022094754,-0.02552158349182408,0.07612321272755584,0.01990455251476401,0.03456125481691756,-0.029268487311996313,-0.04275765486961019,-0.07296755780851819,0.055640769378371764,-0.03946757905970182,0.09016542162123052,-0.010040431686374463,-0.036406760502131326,-0.1009846958480135,0.010625521327429244,0.11682711694466882,-0.03169980318014761,0.07169722333282724,0.008526759943161046,-0.11395746990592913,-0.1315083124055012,-0.002726368117185487,0.0030735404930085095,-0.002368835826507187,0.1081730215453803,-0.011924637679606111,0.06783378043607863,-0.025144848012406455,-0.06488963776120356,-0.04163241763190612,0.0195080042554548,0.0030862340822220193,0.01912573029487595,0.012184249333473288,0.0034659380233701,0.11712597766818952,-0.038553461440837815,0.016097304151654446,0.0059797511950102295,-0.04524432560124148
7,0.014314469591105524,0.06283505959446359,0.05789478125853338,-0.03151032961210727,0.009481633321855221,0.02485019834460863,1.0,0.07008602343244842,0.10929898526657,0.0137485823468586,-0.02480038330858253,-0.017694467830065366,0.06574701730763526,-0.03188143863586695,0.030401032723340896,0.0,0.0475276436108314,0.060436672688316685,0.0032112825276721974,-0.025072269405357346,0.0,0.06640156212271725,-0.049089335975220465,0.0009687369500833189,-0.012449952933443744,-0.004079251915659107,-0.010361428991802615,0.018306839540404213,0.12183194067271562,0.04303548321295992,-0.02877830338799011,-0.023489319538745595,0.027634326019899434,0.00981541180533796,0.010197216132239312,0.02021219705295063,-0.05086687521254561,-0.015102377514260317,-0.06542355960602851,0.004758940957671308,0.02082343425742803,-0.0027085715924233637,0.008888211337186707,-0.0001902235947667079,-0.013421657788245781,0.0,-0.0020828090810533903,0.055951944754561014,0.12533057139680356,0.023542442126620086,-0.009723927403031168,0.1668605398030225,0.02148382949335612,0.0,0.10704442210181382,0.020019518460587617,-0.04186184970953301,0.007921442304423707,-0.027240452458322097,0.035638152323577164,-0.09101814459861485,-0.006008903804714226,-0.017431349656943457,0.01279759857016723,0.029398758248996237,0.0025355888223063047,0.020494625860014486,-0.009344082708683626,-0.039746143602199475,-0.07896702106431727,-0.02984664038028241,0.030138185589904255,0.10557488234256077,0.0005185592556867947,0.006251973637196684,-0.024838542384705915,-0.045947432091198497,0.0,0.03376652341740955,-0.03682889339488579,-0.001957076213006435,0.2091285923741127,-0.003464546459716958,0.03018888301851719,0.026222425500308837,-0.014557971081654558,0.18773896816892782,0.01599415554452776,0.05490269395641534,0.004672741367558745,0.013471455107569847,-0.02517956159374869,0.049032772758909604,0.18784794299142019,0.06714407086290697,-0.025455238577010094
8,0.013465290720493997,-0.0020452762577684684,-0.04032791056111742,0.03100238626783751,0.04586396321097334,-0.07288203782044365,0.07008602343244842,1.0,0.08303429888986999,-0.009011472635952152,0.0401625723924662,0.026460788641106413,0.06774956102588307,0.008540530292849114,0.04818116900740402,0.027704074972052833,0.08185168975277163,0.0862032827417157,0.04906579061493792,0.040819812669169626,0.005014950358875765,0.04124042297323761,0.03399100258082327,0.04405784262432948,0.013491701085867152,0.016070794175496193,0.005086972421610282,-0.0012372594736532753,0.011174056308319077,0.04687077669147697,0.02320160099920753,-0.014346253271379334,0.00917400651545615,0.023097161185422037,0.04656946168430159,0.028697384266626803,-0.01783764992319396,0.04089904377158096,0.038712609007268355,-0.005792853884189294,-0.030176347251887246,-0.005552152992124196,0.03710711541938871,0.027636224843958376,0.007803388871360589,0.0,-0.041461992971706274,0.08487131044183606,0.05112883315067408,0.03836137670139039,-0.005605846189878091,0.030415704174816142,0.03882193670587171,0.0,0.011519531573427843,0.03867899724342448,0.02065694541584329,0.04106938703788539,-0.02372461786378278,-0.006703150516644331,0.017354333839750342,0.06912736645083811,0.06698020698649745,0.031521511667608165,0.02063277806986572,0.082563137033351,-0.03556897061731418,-0.025187522276398606,-0.010334180488026406,0.015490452015302176,0.06411200624620159,-0.01849166903978342,0.08620693096343064,-0.015863356201218974,0.00916954502171637,0.07548287381963192,0.04824742312150748,0.041256170943603315,0.0022945115486619583,0.07064375003872977,-0.015912083420884883,0.1099765016966523,-0.010245590977816344,0.037681299250095224,0.023185161721194544,0.03576064292230153,0.03413127913624246,-0.008974045126255471,-0.002947160186898839,0.026372336008552003,-0.00732696405722328,-0.004370227119716623,0.058591703964586336,0.02458321238619239,-0.02164570094166508,0.020506377902283945
9,0.06190542611211734,0.06097795457983628,-0.02161978366695763,0.02153822180776706,0.01523508398983117,-0.0353735360584574,0.10929898526657,0.08303429888986999,0.9999999999999997,0.016367203985342926,0.060552620886445314,0.05470632058057087,0.10796158947008762,-0.008763288263850161,0.09804514545177238,0.012711199850444159,0.12804712898918041,0.04405029467514504,0.05196635865043234,0.09212493323241717,0.013163487645581062,0.10765433848404297,-0.020027633559781367,0.03773771681368041,0.009734201634221841,0.0029292863098165597,-0.002174572488353888,-0.05102793031759907,0.004267332798132765,0.13701590641775357,0.014610583076749822,0.022907734523714217,0.029627464194070315,0.008769503654408987,0.012390970339892246,0.05301620894693762,-0.07405701532365837,0.05273723512602166,0.0030987807782838547,-0.018956480157336694,0.041776772509934376,0.03789593259367351,-0.016007480155315553,0.034221915353088314,-0.032698092165551335,-0.05636279767118345,-0.04679165134845617,0.11320833572570319,0.12504703068230827,0.018822446979265862,0.06408080674016675,0.007754538083374989,0.06549719923886248,-0.013281143733388661,0.10025156344827733,-0.003606056852192679,0.0876752476357823,0.09801028924891123,-0.025530584496291225,-0.03061872239485362,0.02582793421678109,0.015002467879410564,-0.031040648311112726,0.13052419636323892,0.029119721019370583,0.1456380052372489,-0.006721309960185069,-0.02230422128663731,-0.04675874924116368,0.04430722284457722,0.024815168363724792,0.07185602028161611,0.08240455797769784,0.02680333823217376,0.030900762918391868,0.15156499997119804,0.011074101745199877,-0.038166477295513236,-0.001401726833198588,0.028499479149659102,0.03181436115789952,0.08008448428626727,0.03324695562256353,0.03671434444006655,-0.08114948367226442,0.01005682160062096,0.07545773795006704,0.058047955737503265,0.05102211546769725,0.052464109661995134,0.03712649440131337,0.06330184497934553,0.052180430606537306,0.04722283275772085,0.08902967298333744,0.014258890142936121
10,-0.004469326692774187,-0.004653925709726222,0.0030361964954821255,-0.03815790206416566,-0.004925447921576516,0.06621703515466194,0.0137485823468586,-0.009011472635952152,0.016367203985342926,0.9999999999999999,0.004802827171901197,0.012889617336344484,0.04569782903633245,0.032912089089682045,0.007391236019848636,0.019329443505598357,-0.004931532526693408,0.07523212897252933,0.010793894137812081,-0.0032573569144003253,-0.019009301278308185,-0.024604070297344436,0.07346375836074764,0.006064334454351275,-0.00486709577887457,0.04816186806586971,-0.051910288825199574,0.027398011502446584,-0.026778669373444808,-0.012843060631353199,0.08156235935300338,0.03183243325974165,0.005343491787235928,0.06343757308421367,0.016159437044014707,-0.001948889116813051,0.043982881420483684,0.06605273655218101,-0.021060351655685122,0.02327006209260981,-0.037992888961496135,0.05340387816767927,0.03428491545880609,0.09217255837506526,0.05959283939912016,0.024924793530697882,-0.004837270176983773,0.06180870666078779,-0.0047386583334216624,0.0013413125829663264,0.038812139014127243,0.004199907480598921,0.02488529198990896,0.009905568456019316,0.025659216133485686,-0.034622736258297954,-0.011454841267237587,0.024612120234765056,0.02913287676478054,-0.037629141228657875,-0.01689767222367765,-0.01404476994174104,0.014524857614445077,0.025096713318430927,0.039430410390053856,0.031394365977792923,0.0036924770031564226,0.023512522690519965,-0.021726012711874316,-0.013907128382232464,0.022661796216540846,0.001150513413569611,0.010742206728414678,-0.0028070245844905844,-0.022390286907810662,0.021201421435011844,0.01569388361969637,0.011683943339181591,-0.0009498478049759342,0.05823056992053747,-0.01461598004275054,0.055788529742108676,0.0756795307958048,0.09613191804294066,-0.03808984177084478,0.022316905326574255,0.0054096211155388995,-0.020918513809924252,0.0800346882448814,-0.0467591802833424,0.010654794559117815,0.09047738760421192,0.05944910117773548,0.03277161316882034,0.006095410060781642,-0.027485585224100485
11,-0.023683864180019124,0.048359751542284286,-0.027865939890861613,0.0015721776509097663,0.08220205981340695,-0.04467580797796523,-0.02480038330858253,0.0401625723924662,0.060552620886445314,0.004802827171901197,0.9999999999999999,0.059522777605230615,0.049156320891224486,-0.033061600536626566,0.06498848662159383,-0.05240564028006317,0.07861340817794103,-0.0020262264185003202,0.034108079185473504,-0.012710638789771606,-0.002035196711595528,0.09814038937532218,0.06569933385504702,0.029552495285594137,0.011108243779228002,-0.0023152941696707,0.018701069583848064,0.08918888428508857,0.011921563382340527,0.045453200347246175,-0.011922431305908702,0.02967621655326444,0.067115499393471,0.06584475409976415,0.06137513542872855,0.0011451926728100203,0.016900810137553353,-0.055815603600226395,0.08072601366517726,0.017254120277642504,0.02244528458724062,0.037084576415506915,0.08818683861113474,0.03231634806317457,-0.026618822809247537,-0.0012385669611379017,-0.11778365570636512,0.045703529035557425,0.0022365300274563736,0.04403003775850779,0.0033513522890881364,-0.018255177595803807,0.050284143806532816,0.005278310944660593,0.06870484027366146,-0.04608101068986111,0.054668032346404535,0.0966868995241868,0.0004871009993487091,-0.008987537823756355,0.002218238390646953,0.044292275032280115,-0.020694509334267697,0.0618313681792459,0.03139650546367437,0.05836720087834213,-0.01947052146995438,-0.02045433137304461,0.03674602210496339,0.03845662998489911,0.0558296188433027,-0.036480387076474705,0.0365449515634835,0.011523373795683696,-0.02419711868591559,0.08858195448976891,0.07804949548954104,-0.031659732423335016,-0.0038205667068024235,0.13112359066837037,-0.030687982604051093,0.06826806285463405,0.01598140330844274,0.028588821283867638,0.030690543556827328,-0.024274812422504125,-0.004033903572255934,0.0009516204954058225,-0.04840953640874943,0.12711666988844883,-0.0048810373698392915,0.02796827544697061,0.003838386510194032,0.04903412299668291,0.02226971337262014,0.02647250193091319
12,0.033984913035283275,0.01702634494980972,0.0494960818829068,0.03772674940169407,0.02417827419084736,0.0,-0.017694467830065366,0.026460788641106413,0.05470632058057087,0.012889617336344484,0.059522777605230615,0.9999999999999999,0.13773352886676382,0.0,0.02800202424667147,0.0,0.020091962190345824,0.018067753571505793,0.04355067858343174,0.0,0.0,0.09139630922235654,0.04036415235391257,0.1255029430965301,-0.01071358088067123,0.00792420507568796,0.043638677391434656,-0.006573064239959132,0.05478541632344145,0.05668210502280019,0.024544956773860826,0.04493883567267952,0.07853489624657962,0.046469318121524376,0.008645743779998478,-0.020158513589060928,-0.019520442035305275,-0.008150907466067383,0.004895538410171359,0.06320466733053401,0.0,0.02807344372811507,0.0,0.03486212673431737,-0.0006768859025273498,0.0,-0.11023663993336226,0.07273315697367382,0.01551193631342907,0.057142085096443335,-0.025234093443015308,-0.020327480963037915,0.026585940357050624,0.04140157696289191,-0.00660883043772467,-0.08851643836581051,0.09713263127860433,0.0580935127155061,0.004547714952194925,0.03414037895367481,-0.024674009540943224,0.03894264218147066,0.0,0.043175836742498155,-0.008750138670408423,0.0,-0.030727900680713134,0.0038711078616575217,0.02578179567106757,0.0,0.06152161632659129,0.0103226166497589,0.005961372863502381,-0.013832432246182268,-0.01708532295983168,0.010295828812281102,0.0,0.02268772033374712,0.0668792750167378,0.0042230958573104905,0.003071147841456158,0.025679090689433675,0.0,0.03256230500423603,-0.038222824446060295,0.0,0.018461610069863382,0.08708478343703144,0.011047731997298714,0.03473935264066968,-0.10556395856824266,0.012621983130789782,0.06001683604444813,-0.00835341706325271,-0.02781619080147236,0.11350004636290238
13,0.041104741262292716,0.11859896216301208,0.0721740990625337,-0.037893862999107304,0.042914674334168165,-0.04332861224844726,0.06574701730763526,0.06774956102588307,0.10796158947008762,0.04569782903633245,0.049156320891224486,0.13773352886676382,1.0,0.03624096269769504,0.0619159247702884,-0.006124395040245578,0.022681719511907266,0.13107541741940443,0.08764763621674411,0.09207753161872764,0.008070190203803822,0.03927826434844818,0.11924297289191266,0.12055032803907376,0.08538870340105077,0.0027149085403743514,0.1581908211768624,0.07305302343875995,0.14729121538945206,0.21033578503274847,0.024197063856221904,0.020632815353005755,0.07959788598983049,0.06226368216259133,0.043162679285316544,0.056612652607800434,-0.003371902456240635,-0.006798306911028623,0.014867520034900147,0.10746225617112812,0.06783744026253757,0.12027269942261919,0.0143134347605503,0.14066009334796933,-0.02521518717474633,0.0177111070881601,-0.0446490366782431,0.17154452704951464,0.08054693837710972,0.007597594108876259,0.015020105261047122,0.08868193574087148,0.029090948824033187,-0.0010215281757849145,0.033576188391915354,-0.062301673092675716,0.04403933794446201,0.07770141637701197,0.004104327754593601,-0.057898813890423735,0.0,-0.022967212840360254,-0.004382362476426654,0.07044375336700026,0.04075991489740703,0.08493912984952734,0.005185136911790478,0.003142093581209906,-0.0278009318870331,-0.018431266297870615,0.06779120339802365,0.03174736121783749,0.09367488712021813,0.04648844819821517,0.016030246580237467,0.04816823759887695,0.0,0.02338855464941542,0.020975119207503425,0.01459577029291869,0.010296988175347726,0.07035563470302436,0.03979625231554771,0.20450706071769031,-0.009819317644813816,0.016228068293113324,0.1440421044367435,0.013442149010652507,0.05283035766966448,0.028749507764676576,0.00825104763807026,0.01576668112649305,0.08707824502557998,0.08171882117500727,0.08682976564217346,0.04539666159048092
14,-0.00022314352504530267,0.05272387584923388,-0.034938739895692676,0.016579290281533616,0.005670078700111141,-0.044531009907620565,-0.03188143863586695,0.008540530292849114,-0.008763288263850161,0.032912089089682045,-0.033061600536626566,0.0,0.03624096269769504,0.9999999999999999,-0.03571151732392629,-0.044957864564856,0.04112580683658669,0.015190307345444702,-0.02469731193313674,0.02371673161463271,0.0,0.02536035295759819,0.05205631791586118,0.011406495556723776,0.01362461757244189,-0.01660365891330942,0.004895658614352068,0.0037009862111356227,-0.00039487715900222466,0.058976566066990206,0.0,0.01742531758002694,-0.02970305010958472,-0.0037949954677696275,0.00905561578592803,0.04478852806065674,-0.022437320399036325,-0.01421541740883243,0.03555108284985874,0.0,0.062493616102015107,0.0012165045011906222,0.11428960384451634,0.0838209721821878,0.021943604809347473,-0.023660530749825777,0.08907331713891666,0.009737737579399827,0.0016342237638012772,-0.016863585109747233,0.009568167180297231,0.004062253536745129,0.028711371077563642,0.0,-0.01435064834061802,-0.03944966244405617,0.01451606843659301,0.010479613850314613,0.0014836582143791868,0.014003329987191847,0.017847742255088263,-0.0008918921466187866,0.16365579485575263,0.05692179224456363,0.07761712026727192,-0.045805231545582775,-0.07774496857648769,0.031071663413844493,0.02032009936327676,0.06781742488438991,-0.030912498319817017,0.1321354495031585,-0.025555756181611676,0.0009176557747094596,0.0008732878051408555,0.023105278248386485,0.1553537366243385,-0.030445103484694022,0.07262532850025838,-0.016125993648866584,0.041077561028923695,0.10164385885073071,0.08715337881012478,0.013374461189148805,-0.012523126906508317,-0.09188090683324548,0.015136355961987513,-0.07985789430536891,0.0,-0.01794756857566958,-0.10657157955158304,-0.01789510422608516,-0.005420033310506474,-0.053426014250326656,0.0006772544248366472,-0.0013217794553789242
15,0.04496154331529801,0.11199185680006637,0.09364542891259339,-0.012660376911306377,-0.05518222336556694,0.04214766887398744,0.030401032723340896,0.04818116900740402,0.09804514545177238,0.007391236019848636,0.06498848662159383,0.02800202424667147,0.0619159247702884,-0.03571151732392629,0.9999999999999999,0.009194957423956297,0.04810733272539572,0.052139438268614474,0.03706573541288991,0.14389959476378045,0.009818376602107947,0.011144474130324673,0.012711198046635553,0.07437244492737043,0.02113958421660799,0.010437081055840753,0.0068957268061987514,0.027204107367825314,0.06179836824631858,0.04223031855061694,0.011103433436304298,-0.008992051960790526,0.02113604347164919,0.04557788937469271,0.018449437793938653,0.08528735593722485,-0.03279370332194695,-0.005496093804767924,-0.002907192598891979,-0.01133855016675319,0.012559489111887895,0.06813539609578512,0.12336028282485258,0.04203754911736266,-0.03161412164629118,-0.0019479977890768316,-0.009206369581776022,0.1264254660984247,0.12098464849925604,0.037935655687250144,0.014027247332844897,0.09169494276877473,0.05662851256228948,0.011197450373332047,0.0809818410185513,-0.0037456030701729518,0.01627635699195639,0.047737891116797763,-0.016433531661983854,0.040239016586882184,0.049464409757685734,0.03745317330406722,-0.013476350033350036,0.07033674248917658,0.011661407331170097,0.14706486737800686,-0.012510382691106232,-0.02141739873537522,0.0012629010200010525,0.060978970868625484,0.072374229587742,0.07326895218645166,0.07490711349030099,-0.06040691005843161,-0.003631255860602836,0.035783341388915695,0.0467992067402858,0.05590580787078827,0.010644380743374007,0.06153687534571044,0.0018701404549922532,0.12790654559176992,-0.006751361770677124,0.137639530647142,0.042259013889681715,0.05036948077638753,0.1161333691009239,0.05553890242325746,0.03790860850542166,0.06703832999784116,0.09201303629347052,0.07262268607674154,0.04255657190415095,0.10964082344497739,0.061763091151200974,0.017549949451493435
16,0.04475332399680685,0.0,0.0427034826444468,0.0,0.014803592618566983,-0.0020046355107544646,0.0,0.027704074972052833,0.012711199850444159,0.019329443505598357,-0.05240564028006317,0.0,-0.006124395040245578,-0.044957864564856,0.009194957423956297,1.0,0.008521715631098166,0.052264442030789275,0.05858978975628407,0.0,-0.07632345726428881,-0.04005922477960847,-0.03646924441507182,0.043944059128840425,-0.03951014179027695,0.001845692902435376,0.000870262634544819,0.028172592067760346,0.0,0.0,0.021171557180944604,-0.007709815317440941,-0.002812886198017818,-0.03556167896920676,-0.0008783517622698474,0.06263356374495811,0.0,0.018784505163911655,0.026548558313605065,-0.0005522175982900745,-0.08655046447880098,0.014502611954835974,0.04376018713466355,-0.007480206259564691,0.0015841564862647233,0.0,0.0,0.08234159696042313,0.021654901863102503,-0.02295777635730224,0.0,-0.015438265115534077,0.04979116675377358,-0.000696149120194168,0.028793604905266994,0.0301529397592525,0.0,0.007640414772737995,0.04635826026496132,0.057351276428110144,0.0011288353980332337,-0.012313635291228005,0.07719214714447412,0.00027434633176888837,-0.03057261619274177,0.0,0.0,0.0063009962364834905,0.013735652310987263,0.09986626453544169,0.008233748284612725,-0.04766246640896722,0.029064912514250654,0.0,-0.0034078584711068893,-0.005818925180615356,0.05748816384503734,0.012876041064976959,0.0,-0.038139205367114834,0.0,0.01698928383037075,-0.05183005552665604,0.0,0.04623784416318664,-0.023679524797767255,0.0,0.0,0.0,-0.011064005613732854,0.0,0.08697830606973027,0.03667896992376566,-0.00792678361986844,0.0,0.009113446130571726
17,0.006002413532647022,0.022986654258158976,-0.03803411598977998,0.015480235870309758,0.027023235041341288,-0.05985638941386147,0.0475276436108314,0.08185168975277163,0.12804712898918041,-0.004931532526693408,0.07861340817794103,0.020091962190345824,0.022681719511907266,0.04112580683658669,0.04810733272539572,0.008521715631098166,1.0,0.06741407299727087,0.004691388102930877,0.07250182140606849,-0.00502264820193094,0.056558742813742145,0.0028637190540964363,0.06211785693042334,0.04167398801095759,0.033191380297762994,0.006202638122094794,-0.001089510487980136,0.0558687564943828,0.030986795901329488,0.021609167963434574,0.02948322702640453,0.022891324014493123,0.030313508655788725,-0.009734154380112195,0.037184358667296,0.0019533246862403165,-0.019394578314267566,0.10063746528805571,0.04254211633918846,0.04141029505606352,0.06175166921676969,0.04476071202000608,0.0004598467910877282,0.014714380915858527,0.002769292546445857,-0.040072562363093804,0.10084417596218444,0.049399931347576025,0.013138959028772738,0.018135617846653615,0.027506296535171934,0.12591537572069636,-0.01891734024354574,0.05368678550380952,0.044950202244038825,0.07002843632834924,0.12044713816377887,-0.009332610164148578,0.00956532119120075,0.03715365133872703,0.021847632275155127,0.04648090581730186,0.06577962966443461,0.0015720779475710631,0.0890008635812731,-0.021940526133521224,-0.01570505985014812,0.01724742615514766,0.046332921197727264,-0.003192029285379644,-0.07736930242149671,0.09596155650162894,0.01884257009774628,-0.002175198442034173,0.10261498694918732,0.016089643079237895,0.032435323946929086,0.003063549501485728,-0.005591344251802851,-0.009635540112117008,0.09870631229226769,0.02411427277539381,0.03148759956046981,-0.005063745343249347,-0.003731037748090804,0.07400015144129618,-0.02631039725938076,0.02371891906465136,0.08987383094194698,0.02340311127629147,0.017892116872922924,0.0576785466670974,0.06457565168982649,0.0022904341756543878,0.049201233711902485
18,0.029319022419887965,0.09121413515737198,0.072052464361072,0.05688131789619334,0.012621732799595367,-0.03776815460681037,0.060436672688316685,0.0862032827417157,0.04405029467514504,0.07523212897252933,-0.0020262264185003202,0.018067753571505793,0.13107541741940443,0.015190307345444702,0.052139438268614474,0.052264442030789275,0.06741407299727087,1.0,0.07459983529595492,-0.00260341148638066,0.011034943867384031,0.07644579789646141,0.025353225248582155,0.11380170721690877,0.05674647256093045,0.021263226040277194,-0.003615189195554219,0.08027078687611477,-0.011485874191317608,0.08617244169292289,0.026563132077138094,-0.01214934667739238,0.012873079936800515,0.05427906136743124,0.03355044412062532,0.058343458973403206,0.03662290964960221,0.012620093165615952,0.016868520313049362,0.05303926247514853,0.044394904982694036,0.0921080439836495,0.01745372214286442,0.09189858048182487,0.028951307082308718,-0.005536803031944482,0.011881842061612457,0.20079832114022442,0.07659071837885695,0.02854056152747672,0.01766761811258399,0.05356062850827865,0.13641146612031513,0.0021158453720249376,0.005145414364610976,0.031740152257485964,0.03370970113903063,0.18933900632846273,0.003288047353242265,-0.043294401387171305,0.031094219647626296,0.011867865063044323,0.020750110692770562,0.07880349373422979,0.04874149311488771,0.021182169675293558,-0.0027477587977062807,0.045043671549018637,0.003892922665698471,0.05606601876289473,0.008577910650151633,-0.0038008887743253327,0.15807224430798988,-0.03639593267966092,-0.031222871274341105,0.014291930034986633,0.06230772665703844,0.019613882405011242,0.011392780063875754,-0.005302119072708498,-0.007689868834830891,0.03653644560576064,0.13345793685372065,0.10576591734406157,0.005067004962433383,-0.001495960796243109,0.07605722109878366,0.021249154784238822,0.04868845327011487,0.056433479295462205,0.01974342906414432,0.11208681973479637,0.2993427947491622,0.022006423612163144,0.08617657750977137,0.020370033436832094
19,0.015706980537616086,0.042198740570429424,-0.029971299126636944,-0.03126288633206544,0.013781946013186445,-0.04272407010242696,0.0032112825276721974,0.04906579061493792,0.05196635865043234,0.010793894137812081,0.034108079185473504,0.04355067858343174,0.08764763621674411,-0.02469731193313674,0.03706573541288991,0.05858978975628407,0.004691388102930877,0.07459983529595492,0.9999999999999999,-0.0004992023007960326,-0.02126421024451198,0.1010068775175789,0.06180947856041961,0.02663182757445756,0.06590334150988998,0.01893984732199358,-0.031149253830037325,0.014811429021858905,-0.029021448090154025,0.05470316343901331,0.05620371305631168,0.03653895731728955,0.051587435694317195,0.06470123966456974,0.015143126035907683,0.023325910055010085,-0.030969900032072773,0.04533410009416324,0.0633895086163866,0.007569652851106447,0.0928962503554026,-0.024119701108211527,0.031573086206022644,0.04847939815269843,0.018423035422012585,-0.009126674901057032,-0.04593689591692178,0.07354984354156952,0.027013635295159252,0.021514801063971935,-0.008465761622625158,0.04027780296049144,0.05711694170992844,0.02312196384717321,0.007419477920525023,-0.0012692994214693054,0.025178521566389632,0.032385081431607746,-0.01833722640806915,-0.028786084477566157,0.0075927762140643165,-0.005961430899220566,0.06906849183181343,0.11162286027602952,0.0585694976319376,0.060169190061942004,-0.01934794969332875,0.019982731226808666,0.005728414398484658,0.0674298169156523,0.021888763897370225,0.018893376089469758,0.1244377964551484,-0.013962147765027686,0.02879665758091992,0.05180457323800982,0.05769624171988144,-0.0013229389645999564,0.010219690759705781,-0.010630754535907885,-0.025454496490435567,0.021555252849953743,0.057887832929350846,0.030389664504117373,0.08145788977736942,0.010625626550240857,0.016407551694168347,0.03263236190968591,0.05686736823893532,0.032063948655824355,-0.002325449108731855,0.09359329379598938,0.0015124359955656311,0.006292928217654311,0.035279812532685986,-0.0014742751961487224
20,-0.0034601718638073192,0.06133756892861621,0.002417305262573948,0.006826953707976305,0.0022201753766037374,0.04099524332948071,-0.025072269405357346,0.040819812669169626,0.09212493323241717,-0.0032573569144003253,-0.012710638789771606,0.0,0.09207753161872764,0.02371673161463271,0.14389959476378045,0.0,0.07250182140606849,-0.00260341148638066,-0.0004992023007960326,1.0,0.0,0.02954638226825386,0.0008173054352460249,0.0008959486333685591,0.008355211889503847,-0.0022344811324997212,-0.005803390757211927,-0.10681518493805087,0.008579990366270347,0.03451078439121767,-0.00239644404578813,-0.027801264089456247,-0.008796796576891433,-0.0019740323317536316,0.0050267890129268075,0.03702121509618211,-0.059550740995739745,0.013368501571971041,0.07496960679954334,-0.013622746022472867,-0.05817532945261983,-0.041077422514611155,0.0005764287198883935,-0.00406611262373139,0.0021072014033849304,0.0,0.0,0.08625398236619114,-0.0637643306055709,-0.04380220984267247,-0.031981826239355436,0.028321659012520966,0.03875795074417753,0.0,0.04066128479243693,-0.00476650270179384,0.13524000220855714,0.04359048817566298,-0.046101821353887296,-0.00401416858010883,0.09108512663802096,-0.0009967608105514248,0.03640021941924267,0.08049767015838119,0.02767534617034733,0.13663949503889186,0.004223220053844533,0.007307567777420842,0.0007053450959803309,-0.013591531816369108,-0.07825425281606538,0.010315280739297711,0.12888324257577527,0.03564298214036501,0.016949654669467632,0.0368017482066885,0.028226990465712126,0.0005835453933574889,0.015234195771537371,0.045877704026447946,0.017884996972064093,0.10512188616633972,0.009633020379118352,0.09848453396777478,-0.037223111322476,-0.0024565552929776426,0.06586054865419702,-0.007956423937877138,-0.0020986188451654303,0.07615225211114018,0.01876303090300424,0.06931840839793847,0.016697215080344847,0.052012021268535234,0.0021591236813801374,0.015570721739517707
21,0.014908380273592628,0.008184705481284502,0.006767619237628473,-0.07984965202958381,0.019799961933844968,-0.04153421734336159,0.0,0.005014950358875765,0.013163487645581062,-0.019009301278308185,-0.002035196711595528,0.0,0.008070190203803822,0.0,0.009818376602107947,-0.07632345726428881,-0.00502264820193094,0.011034943867384031,-0.02126421024451198,0.0,1.0,0.0003887822064752868,0.017430638461898802,0.001879426292190643,-0.01023598984587519,-0.03386271791895903,-0.003116477284841421,0.01662091593162911,-0.04730954486226442,0.0,0.007455224553646014,0.0,0.023967177022452484,0.023405732841533296,0.009967068208169219,0.037012336701741824,-0.021408438802166828,0.0039001381612297137,-0.0036476956751547215,-0.011148511575158608,0.06332186302022044,0.03160505690295294,-0.056879413646152746,-0.014202723900690335,-0.03387239095557285,0.0,0.0,0.019801601925498943,-0.00525033373167863,0.0,0.003688900204172298,0.0,0.012068472512569803,0.0,0.0030327090883755566,0.00463154957078396,0.0013514897289347385,-0.02146857162251941,0.0,0.040077081116744344,0.0,-0.059551849782686926,0.04365557387542085,0.05084206019542363,-0.011081263659918746,0.0,0.0,-0.0006540391625783563,0.0,0.12942476549432405,0.0,0.05574027379386176,0.03752576322182739,0.0,0.06894632204280067,-0.005798404914117782,0.04343991654609083,5.595884861463185e-05,0.0,-0.05367428563582209,-0.04964995403109478,-0.0010804905473701708,-0.025770959052465302,0.04686489984615039,0.0,-0.014441177691146268,-0.0018449443303435262,0.0,0.0,0.047396191682637805,0.0,0.0016500628153673833,0.027564491399019213,-0.0008557990852020412,0.01824740330266204,-0.02015749854692753
22,0.0029947944308224292,0.07081080916800064,-0.014019711817632587,-0.043109881760233316,0.04968845944399581,-0.02455066717586048,0.06640156212271725,0.04124042297323761,0.10765433848404297,-0.024604070297344436,0.09814038937532218,0.09139630922235654,0.03927826434844818,0.02536035295759819,0.011144474130324673,-0.04005922477960847,0.056558742813742145,0.07644579789646141,0.1010068775175789,0.02954638226825386,0.0003887822064752868,0.9999999999999999,0.0654959065161657,0.03657642735461475,0.14186115218582368,-0.025438693050518206,-0.003669876455216603,0.0360428170006747,0.07391622199652405,0.015214415061230892,0.012298066748772627,0.05199811744154905,0.04431961465973991,0.04135570153165299,0.04971007027130511,0.02768995023289429,-0.020329694736847745,0.015656757782001138,0.11478262288886076,0.0361694100509528,0.08978840956180648,0.0652101644531344,0.02057364771290258,0.04370170772424565,0.007161701610098746,0.013826430476169403,-0.03713304297723363,0.05150341228015657,0.05537281415522548,0.03877399373146419,-0.014617775127833547,0.1256938454019783,0.1239492542220762,-0.0026857587153539704,0.05776995158639252,0.013705166963707558,0.13303352600246482,0.13330911088206823,0.0022243642734705703,-0.01827420927777554,0.01066860856264143,0.036895957533487504,0.08316383780766788,0.06887708650655607,-0.042912290468230446,0.052737493586913174,0.025803449185968486,0.04798663347867658,-0.0011121782383476898,0.08038059561876015,0.004702766036591562,-0.028374066787393553,0.16465354871226764,-0.009756673848713733,-0.003964072447371904,0.06149921364198896,0.12184830144159564,-0.017790254621454865,-0.01874475077306815,0.045995577916197905,-0.014840241134413654,0.04946334539034225,0.07120069588385813,0.09057440567213886,-0.030522921543499424,-0.057887325510287385,0.05488645046986266,-0.015923115442100063,-0.08204592081228373,0.09551969275762814,-0.025565433401184716,0.060365667438650523,0.08695352180690466,0.055042660557458496,0.020880000339430625,0.030836553662952362
23,0.00024706160186980337,-0.00793148465572613,-0.06364223355926493,-0.023802302744489166,0.027788522665076004,-0.058903758926366206,-0.049089335975220465,0.03399100258082327,-0.020027633559781367,0.07346375836074764,0.06569933385504702,0.04036415235391257,0.11924297289191266,0.05205631791586118,0.012711198046635553,-0.03646924441507182,0.0028637190540964363,0.025353225248582155,0.06180947856041961,0.0008173054352460249,0.017430638461898802,0.0654959065161657,0.9999999999999996,0.05554130406667812,0.11027528890703743,-0.007412381130530273,0.09162884588915911,0.0024955068227895897,0.012795228869569023,0.047318429788506984,0.027391196256042923,-0.007738862042958347,0.012820087255829334,-0.0013363279674735743,0.024228310441091125,0.029012890640894032,0.011904131381187934,-0.02320795692670615,0.011923523867462708,0.01843875374412257,0.06974301212786616,0.07577908934174472,-0.004419359106444745,0.00717237937613169,0.013004584398848298,-0.016848275192564075,-0.038941167137604905,0.09723268861891576,0.0013761924665752073,0.01604394388898973,0.015065863643474018,-0.03603242659911007,0.045657045797641405,-0.003948805920375537,-0.003006767105875916,0.03847816351600641,0.022802784136717432,0.09971351842225665,0.0001408469613967578,0.04151692823134102,0.045709721527964285,-0.020449834527613002,0.041645602697550674,0.04002701417476855,-0.027408796431105255,0.036322684688971596,-0.046757277142842835,-0.013159099794724894,0.009250730407967048,0.029549977548132718,0.044719827301041966,-0.004508034451226624,0.03289433326185115,0.014325049741490896,0.024263544195277036,0.025436865222349454,0.06393041693828652,0.022789775653386815,-0.008864500076724121,0.01701667836677232,0.007636637771050617,-0.01949121936379277,0.034631681475542526,0.017282219140165474,0.004374086980816143,-0.015134760188597801,0.03470599480098227,-0.05998932485605618,0.015963973623429866,0.007753709129940359,0.0005611951821632225,-0.020499814188095218,-0.001598461198334357,0.014123284598480444,0.0066718001630882914,-0.0020076712344930937
24,0.04410942866552304,-0.00720003150314074,0.05188106576562267,0.055934319671031976,0.05875841811323348,-0.06000878841100102,0.0009687369500833189,0.04405784262432948,0.03773771681368041,0.006064334454351275,0.029552495285594137,0.1255029430965301,0.12055032803907376,0.011406495556723776,0.07437244492737043,0.043944059128840425,0.06211785693042334,0.11380170721690877,0.02663182757445756,0.0008959486333685591,0.001879426292190643,0.03657642735461475,0.05554130406667812,1.0,0.047384950562661635,0.025093321624874085,0.03329859706560012,0.14672639215994346,0.03699608944085532,0.047939884168777556,-0.0054699094017227785,0.035036175787723715,0.03424071634095236,0.018702149162148886,0.0643881892346135,0.04065507311592436,0.03377092080308862,0.007003475737636493,0.07518752183740987,0.07162272796153815,-0.019244703076198872,0.013818652990427251,0.022961390288965926,0.05301251516689298,-0.023273316728628007,0.034916435703476724,-0.04432320048615251,0.10735886424270129,0.05916612112276053,-0.010936487100841353,-0.002323401425455278,0.063784948728014,0.08845544056651267,0.044821735999350465,-0.06648354979373743,0.01456755966680835,0.02199513474052011,0.08403224364123624,0.05258063824481948,0.0007936423331341216,-0.01948248844353873,0.05978713632519225,0.001832369352478054,0.04851711591932127,-0.07751769853317457,0.019765136175235964,-0.028125106357053876,0.07046195943626772,0.060487228517681346,0.08804733546141977,0.03230221232603239,0.0001411049506681375,0.02783845408660034,0.07130879092956197,-0.01439656928743545,0.05092122702041649,0.028657603961061387,0.023004641446550372,-0.002207081538362396,0.061134859752688224,0.053302043829323104,-0.04319412485630962,0.019253235147867052,0.07029385250195833,-0.012155495419727503,-0.009753912679040806,0.035320025011770784,0.07599756737395277,0.08585444353447888,0.08446534592635078,0.02258639219660355,0.057809331002962,0.007190001603370123,0.05834382778285768,0.09128966247252701,0.06804256802797302
25,0.0008714892236880234,0.02513552187686576,0.010560282953181028,-0.01700485482633589,-0.025356884732865473,0.0018148689161169296,-0.012449952933443744,0.013491701085867152,0.009734201634221841,-0.00486709577887457,0.011108243779228002,-0.01071358088067123,0.08538870340105077,0.01362461757244189,0.02113958421660799,-0.03951014179027695,0.04167398801095759,0.05674647256093045,0.06590334150988998,0.008355211889503847,-0.01023598984587519,0.14186115218582368,0.11027528890703743,0.047384950562661635,1.0,0.021062804030791287,0.015382889462264347,0.03819436321750938,-0.055110628755767256,-0.00739165658136191,0.02218116158160848,-0.014700248718266716,0.06811177040664075,-0.001978715655607236,0.0415478980808645,0.0677849735410769,0.03411669225483492,-0.0009595041467230741,0.05618932193010677,0.05168228374536482,0.10988399456384147,0.09854317735619293,-0.0021129428059606563,0.09439898140851588,0.05071838678974436,-0.04662535107624308,-0.004552232848264051,0.14164725926857283,0.037098748784680245,0.0005385076023725179,0.0007605305943352188,0.0007292253334609922,0.07016758908970994,-0.011459745640290646,-0.005520259115981856,-0.008421276713316736,-0.007089376436025728,0.03935511958551959,-0.0014317268523509822,-0.049899097840472,0.03150239320186824,-0.003960499144332741,0.04261601171994386,0.024264042156704326,0.03801881279580067,0.056541726591112826,-0.0075226674751016735,0.01907519143532181,-0.03082789847403287,-0.027900799031098183,0.08075255348095405,0.06787797455413275,0.17357166242404534,-0.0008193990542372439,0.01780103711501875,-0.009864849978834325,-0.049635833880663595,0.0010278453477884659,-0.003828417506487932,-0.032114735574694825,0.00630502592226573,0.04237686609027316,0.10231388096341608,0.06644228599941489,-0.02653333321219334,0.003766423718061282,0.06417038203221456,0.012908720314322192,0.015035624594326969,-0.013211449680225395,-0.005968278124485741,0.058443884317539545,0.04190277732990997,0.006852703550407157,0.09275177449940622,0.005391654731574739
26,-0.04289958034473785,0.006267257407506581,-0.0015819126145365102,0.02479329305871706,-0.05498640334722199,-0.05071189690189328,-0.004079251915659107,0.016070794175496193,0.0029292863098165597,0.04816186806586971,-0.0023152941696707,0.00792420507568796,0.0027149085403743514,-0.01660365891330942,0.010437081055840753,0.001845692902435376,0.033191380297762994,0.021263226040277194,0.01893984732199358,-0.0022344811324997212,-0.03386271791895903,-0.025438693050518206,-0.007412381130530273,0.025093321624874085,0.021062804030791287,1.0,0.013162405586436783,-0.010625344187954754,0.022290146700120278,-0.005761250663847435,0.06517559744965534,0.0003889299375776081,-0.018447769255069184,0.031673321144827564,0.025083697635553213,0.018904772334310985,0.05493399071019826,0.04704386746405892,0.0031790494462011465,-0.0065580915356919945,-0.018460168340635824,-0.006456760172307172,0.017295661290221746,-0.0016424126134991744,-0.00316915738260459,-0.023482753949589135,0.0011247334855166817,0.07480369068214363,0.018583938676427887,0.023593274604974217,0.03267328434602798,0.03436991556523486,-0.013900312115336277,-0.031402316096514366,0.037583274748814115,-0.00836656646278043,0.01364521711156523,-0.002893376542197796,-0.004017496575689766,0.0025688316354993976,-0.0012186621491678956,0.04224876734773572,0.02045247670067339,-0.037203698307030714,0.037104924852253564,0.05855123138729796,-0.001812509432018463,0.0193976594190653,0.030146072214879215,0.0017537396888508729,-0.022522626709738012,-0.04228321270122059,-0.008156406423248963,0.01971903978705828,-0.04400008755986413,0.02463576904386216,-0.026025175923745147,0.015786187071000983,-0.0007824057401808061,0.036241093856134145,-0.05640459319682873,0.09594910982763379,0.01672262494171497,-0.03265878251507486,-0.017113478472976854,0.007217820491178328,0.008025456179618268,-0.02525721700375871,0.07130106785297415,-0.03986808022954148,0.014413865831502587,-0.013515491515431903,-0.01283725013153355,0.005792273188652483,0.012635784580550865,-0.018202658999163332
27,-0.009750828607882227,-0.0014029096793547182,0.0640934432645305,0.025068325558139364,0.03491374965788996,-0.008753957948661156,-0.010361428991802615,0.005086972421610282,-0.002174572488353888,-0.051910288825199574,0.018701069583848064,0.043638677391434656,0.1581908211768624,0.004895658614352068,0.0068957268061987514,0.000870262634544819,0.006202638122094794,-0.003615189195554219,-0.031149253830037325,-0.005803390757211927,-0.003116477284841421,-0.003669876455216603,0.09162884588915911,0.03329859706560012,0.015382889462264347,0.013162405586436783,0.9999999999999999,0.020750987447195418,0.030182112013730177,0.0320370645420925,0.0380163943844148,-0.013101821906867794,-0.019027100411456478,0.04191868157405442,0.030695953734559696,0.01337883569764345,0.05219829626881773,-0.006166029389033856,0.019736388005178077,-0.023129490951320594,0.016566270033657345,0.044956962964096674,0.013969726855281025,0.011245247766664367,-0.012710784363947182,0.0,0.0017741300386704259,0.07931225893116219,0.02472125656081249,0.025884113119033804,-0.01666349274655081,0.01249148571480506,-0.029417966118664162,0.016157062215735315,-0.006264019155228253,0.00752557825851291,0.020334673950333355,0.09661789108321599,0.05165127379297237,-0.044627276756762306,0.0,0.05030659385655959,-0.002974325332888727,0.032514296674207334,-0.0016419500604253293,0.013616170516649291,-0.014478615698322395,0.038405292726729684,0.008705282894663938,0.08681320680533489,0.017968520674312642,-0.025043939110118544,-0.0027039131234684204,0.006827255343748367,0.023670733742062345,0.0909484538035766,0.046417640663021044,-0.003390412275872728,-0.004033000437504354,-0.0019580441226684986,0.03445244701597796,-0.0016613269027974911,-0.03279350137994278,-0.003746355014302481,-0.0037740010164969313,-0.020570617424860736,0.022217335795378032,0.004697513541407955,-0.024900180599685733,0.035564879877141076,-0.02600548225517897,-0.001470687447599226,-0.04351514203538673,-0.023024071844390682,0.004920070008931072,0.07805148727903682
28,-0.05000784054656485,-0.021827894843850507,0.06063496008999744,-0.074547442953648,0.01391952821040502,-0.03341898700964509,0.018306839540404213,-0.0012372594736532753,-0.05102793031759907,0.027398011502446584,0.08918888428508857,-0.006573064239959132,0.07305302343875995,0.0037009862111356227,0.027204107367825314,0.028172592067760346,-0.001089510487980136,0.08027078687611477,0.014811429021858905,-0.10681518493805087,0.01662091593162911,0.0360428170006747,0.0024955068227895897,0.14672639215994346,0.03819436321750938,-0.010625344187954754,0.020750987447195418,1.0,0.011341458636841904,0.0196387720152256,0.009901026418119685,-0.009602709552829967,-0.002593782702965789,0.08180894922413581,0.10433059315154235,-0.043464307055301334,0.05604510915468501,0.011246461417556988,-0.006950279312396083,0.051523516677891325,0.082414379576034,0.06320707769279367,0.06269063304144504,0.023561134858930372,-0.009646478259932005,0.0,0.08953364052527246,0.03872746510078966,0.03362882015095479,0.019004020367997095,0.017575054592499084,0.04373073097325145,0.02938925588205602,0.022000490895490395,0.0862388001031538,0.018901862348297247,0.002618394012382754,0.022944821615180327,0.10460131592522312,0.05998687767047883,0.0009909647618957709,0.08669576849113539,0.04515364906512401,-0.03188337356593467,-0.027471396214108428,-0.0047335695997041405,0.08452683674224397,0.09136404908445606,-0.031730860569343156,0.021002198391336924,0.045499291542219086,-0.0003851818761513061,0.07397717710449145,-0.004694923731730746,-0.004164491191139659,-0.04790004061617776,0.02597982608316544,0.04497310019134863,-0.009463881422692319,0.009013698205285681,-0.0030159364174255077,-0.04621821675840583,0.015117463463940911,0.10167987775751355,0.04173990898049805,-0.001763929503922259,0.032122509110942235,0.04417062512176631,0.013813371376721083,0.011807844779134723,0.038863829293446096,-0.006901032756144326,0.02220994631020168,0.0011641046835389208,0.12733111305139116,0.021551532064355897
29,0.01856260620683978,0.05640305105887237,0.08934026818563258,0.001521881169988061,0.023318679130187325,0.035134866550861246,0.12183194067271562,0.011174056308319077,0.004267332798132765,-0.026778669373444808,0.011921563382340527,0.05478541632344145,0.14729121538945206,-0.00039487715900222466,0.06179836824631858,0.0,0.0558687564943828,-0.011485874191317608,-0.029021448090154025,0.008579990366270347,-0.04730954486226442,0.07391622199652405,0.012795228869569023,0.03699608944085532,-0.055110628755767256,0.022290146700120278,0.030182112013730177,0.011341458636841904,1.0,0.03794134576391972,0.024278236455154742,-0.03111521151972269,0.024009563481513306,0.0205018960715506,-0.038138910254872066,0.003983590258677989,-0.011355916774921749,-0.0027956572288509595,0.010884699321975553,0.06642749781580003,-0.031187594482772633,0.04883275012246292,-0.0038851174594830337,0.03312304953244072,-0.011481024261056344,0.0,-0.004574833679513005,0.055753204150501445,0.09358828345726886,-0.021325759730966273,-0.021714889177638495,0.04031784741068408,0.01649712839642582,-0.0013557089482821177,0.00946942172026623,0.01411648258424115,-0.012945853081044281,0.03384432149752616,-0.014651265867330008,0.010012702022484065,-0.0010827914928704385,0.010919357426473314,0.025351460447037316,0.020887072307252057,-0.025063989576756384,0.03920713049652524,0.013105090006571743,-0.034517040255656564,-0.0017956376710127186,-0.07101806108464476,0.044220672376209566,0.005026238528367508,-0.030758714170992102,-0.010134845314148707,-0.00787482080882012,-0.0002884393038985666,-0.007364737477371241,0.0,-0.013529681354332558,0.024243185816309208,0.03488888826105119,0.050786138823652356,-0.012512890628250072,0.047322032990935264,0.010733728991770832,0.0015602617956281123,0.06802535394164665,0.0013802970042365355,-0.00497542267729115,0.021648444883906416,-0.02208185516362883,0.012612446183130952,-0.050213064469100115,0.03702144755425783,0.03308194501527229,0.005902904986982397
30,0.05147140046693098,0.042797353961481835,-0.06636853334796247,-0.008645286462344554,0.032148639978771223,-0.05315602956530603,0.04303548321295992,0.04687077669147697,0.13701590641775357,-0.012843060631353199,0.045453200347246175,0.05668210502280019,0.21033578503274847,0.058976566066990206,0.04223031855061694,0.0,0.030986795901329488,0.08617244169292289,0.05470316343901331,0.03451078439121767,0.0,0.015214415061230892,0.047318429788506984,0.047939884168777556,-0.00739165658136191,-0.005761250663847435,0.0320370645420925,0.0196387720152256,0.03794134576391972,1.0,0.00992437965237741,0.017778976650339402,0.008766606898352456,0.03655189955173353,0.018444286948645652,0.026325552229045066,-0.005742500916183143,-0.007723704867616565,0.03441427092108354,0.0,0.01698516457777554,0.04993628551996548,0.03103309133959945,0.08826052880947481,-0.029673614544676402,0.0,0.016054569859164394,0.09659833612150207,0.052041716530883755,-0.010470801736729363,-0.016788948486851897,0.061299590512348415,0.012619286229857616,0.0004112332447463654,0.08179842957736111,-0.021885359148697086,0.008337899591921188,0.0033012015929954133,-0.00325643689034537,-0.003213944867972743,0.0,-0.010200143032879947,0.004750720469590239,0.050004679298962434,0.014974472793851997,0.027920937745729228,-0.025247851109340545,-0.0005502325003435204,0.0354360691479573,0.029750514868769794,0.013757853294158288,0.04267006766670008,0.030031712030223107,0.04511039743046182,0.0060439391577357,0.07283279772746701,0.059786641825039524,0.016979201463401997,0.023714412271652482,0.01259907817996201,-0.020808765797488145,0.002082151803277199,-0.008415240778702591,0.0211418414639713,0.07313454356583533,-0.03761044839072313,0.033721172136695295,-0.027250594282973467,0.06715771103140691,0.06863780610748837,-0.033689512169956824,0.013675907361775373,0.03225318901353399,0.041725709640026996,0.06442991457343676,0.025781211957447335
31,-0.009539422213157258,0.031563789451913314,-0.01181045831223543,-0.014499736176154713,-0.018076556722455523,-0.0012345474319012473,-0.02877830338799011,0.02320160099920753,0.014610583076749822,0.08156235935300338,-0.011922431305908702,0.024544956773860826,0.024197063856221904,0.0,0.011103433436304298,0.021171557180944604,0.021609167963434574,0.026563132077138094,0.05620371305631168,-0.00239644404578813,0.007455224553646014,0.012298066748772627,0.027391196256042923,-0.0054699094017227785,0.02218116158160848,0.06517559744965534,0.0380163943844148,0.009901026418119685,0.024278236455154742,0.00992437965237741,0.9999999999999998,-0.027051239879609692,0.011055867484573415,0.1326765871619899,0.046657341907421664,0.028685809160822036,0.09488456871612173,0.02272696973130308,0.004236204715145785,0.022165684322817396,0.017720329132929244,0.048015223704770335,0.06299089031606078,0.07004771641801877,0.04655669502274987,-0.017905154569470814,0.0,0.05930704888447639,0.01818690883800865,-0.033594415218644674,0.03649366730755966,-0.04234930588133828,-0.0001084228576361361,0.016344771372877084,0.024685431771515897,0.002343740816685297,0.020380128822508566,0.023407373740679797,0.041355791261333236,-0.0347489075992715,-0.013885097389884664,0.014590297515603375,0.0010241531453192155,-0.0007721164316288136,0.0687740610512716,0.032095638292698,-0.014399244091508652,-0.008774929331987383,-0.0007442071196024113,0.003952796283987665,0.05264681588937503,-0.03482757208353864,0.04768253866543963,0.013646617805422465,-0.012501482633903082,-0.0004746869749996217,0.0,0.00867315583295904,-0.021105689782494802,0.017745030201547933,0.03330114878355122,0.038751997179467854,0.011915288523307154,0.010113371668219108,-0.0014954637938776566,0.004429236517804979,0.03976814404523069,-0.06764389801670856,0.043548472357721406,-0.021642517377180412,0.032716152881825875,0.06789090082697116,-0.006745436857822111,-0.0010153791297406838,0.03452870764158726,0.016362755369504663
32,-0.03801059295843605,0.007539290635518446,-0.028464198702786728,-0.005927935752783938,0.01378763700625516,-0.03648111191473343,-0.023489319538745595,-0.014346253271379334,0.022907734523714217,0.03183243325974165,0.02967621655326444,0.04493883567267952,0.020632815353005755,0.01742531758002694,-0.008992051960790526,-0.007709815317440941,0.02948322702640453,-0.01214934667739238,0.03653895731728955,-0.027801264089456247,0.0,0.05199811744154905,-0.007738862042958347,0.035036175787723715,-0.014700248718266716,0.0003889299375776081,-0.013101821906867794,-0.009602709552829967,-0.03111521151972269,0.017778976650339402,-0.027051239879609692,1.0,0.0040438465505164105,-0.04512642155270849,-0.006399229127802478,0.028220394854817272,0.1993827965027961,0.01593874526311867,-0.0008715680646313971,0.0027297262265473196,0.0391744491250654,-0.004705497521443999,-0.008508853814346948,0.038996970018465485,-0.021995465968175337,0.0,-0.12647271344186162,-0.0005281640447497345,-0.05113444248494756,0.1661681713565505,0.19885063520567636,0.041222352220357736,0.012354087673699523,-0.001043311610328716,0.04208278176357309,-0.08674153017259618,0.12602198635322126,0.045416972263978506,0.012057818664211324,0.003369371364282556,0.0,0.034192188935273975,0.03982456830401936,0.03145374449742781,0.06676367422865051,-0.007805652095807204,0.06662596164693457,0.038494573786429655,0.029874468818899,0.05401551854070656,-0.0645838110260099,-0.02160851412147298,0.029426099127957413,-0.005986321261963752,-0.022402517454983187,0.04898794397827003,0.0884351235951931,0.004270759805677404,-0.056383420882724876,0.023401550762255235,-0.024654628028359035,0.1203790006570288,-0.002720486602408239,-0.02050027811012358,0.07195060410677714,0.06509064941987283,-0.06323199973741747,0.007153224637481078,-0.009111294887782404,0.03612780287467597,0.0,0.04011959229853659,0.020598413307693256,0.08976258319555074,0.0264315521498129,-0.0031731239279031674
33,0.003322827024566738,0.0910623348604078,0.03784051298558122,-0.05101169789699065,-0.012364407624496967,-0.01557138368187352,0.027634326019899434,0.00917400651545615,0.029627464194070315,0.005343491787235928,0.067115499393471,0.07853489624657962,0.07959788598983049,-0.02970305010958472,0.02113604347164919,-0.002812886198017818,0.022891324014493123,0.012873079936800515,0.051587435694317195,-0.008796796576891433,0.023967177022452484,0.04431961465973991,0.012820087255829334,0.03424071634095236,0.06811177040664075,-0.018447769255069184,-0.019027100411456478,-0.002593782702965789,0.024009563481513306,0.008766606898352456,0.011055867484573415,0.0040438465505164105,0.9999999999999997,0.03222494545494368,-0.039700161170163194,0.037175032477324635,-0.07215956422548775,-0.032515066604966336,-0.014088227322629494,0.04201163905505595,0.05335493362723331,0.14314824568597773,-0.02108228982968749,0.005262220033800419,0.012456888443230972,0.005206826946220604,-0.09212853075987848,0.07520219612044718,0.04389027608304235,0.007425590353722199,-0.018281584241340892,-0.0006081101701975334,0.01427783280123266,0.02989807898104712,-0.019382793487652688,0.01364594937128486,0.03427317929952115,0.01358399519010631,0.02391988138674027,-0.0005998855819891024,0.019538681421287167,0.014274472993758067,-0.0011452049291521028,0.0198576995937614,0.056160631624156986,0.0392414330844468,-0.03859997883752019,-0.015518717665240742,-0.01234385700942024,-0.016652110997026376,0.06467091663328677,-0.012398214584214988,0.022487817675154512,0.009679232591856383,0.02770581397766786,0.00859885519089212,0.003135336981636654,-9.835287958609809e-05,0.0067559552472218915,0.0060680240820161525,0.014186427429714207,0.030238919906015037,0.018482067009629444,0.05521138596088676,0.010333185262826257,0.00632347164041577,0.07552067034297633,0.05648834609667737,0.013927288436219355,0.031312555563711986,-0.05897967931302123,-0.0162316234587223,0.039482057789222216,0.09315510485115516,0.07604455211978742,0.023431665326474643
34,0.018784339379613157,0.028732564190492235,0.016013502979199203,-0.0399572576621566,-0.0011500662658245758,0.01036938465709224,0.00981541180533796,0.023097161185422037,0.008769503654408987,0.06343757308421367,0.06584475409976415,0.046469318121524376,0.06226368216259133,-0.0037949954677696275,0.04557788937469271,-0.03556167896920676,0.030313508655788725,0.05427906136743124,0.06470123966456974,-0.0019740323317536316,0.023405732841533296,0.04135570153165299,-0.0013363279674735743,0.018702149162148886,-0.001978715655607236,0.031673321144827564,0.04191868157405442,0.08180894922413581,0.0205018960715506,0.03655189955173353,0.1326765871619899,-0.04512642155270849,0.03222494545494368,1.0,0.04543460505097858,0.06864975189626656,0.01706219030632916,0.09900048448699006,0.030205134665962634,0.03495884310013046,0.02410680830894052,0.03196005602180405,0.0659074021254172,0.09555066420051847,-0.001985874527040867,-0.015810012068604558,0.030798066659490836,0.07369354363455545,0.03382592267213366,0.041688965548834354,-0.0007563667090992598,0.0019512143425764674,0.03974914401783292,0.0026850286867919747,0.03603815381741077,0.03799000833127566,0.04519398533708184,0.04660687033954142,-0.0010686131728132034,0.036387521552430566,-0.013063580865982893,0.007324725761716697,0.010617436378516712,0.01741843307853579,0.018215999164936457,0.0678379398131182,-0.02612036899222763,0.043895306660635874,0.002435226466968268,0.015949238203297286,-0.01123008859294547,-0.035143862466913325,0.06592771502675175,-0.11169967231236554,-0.0004958068833783314,0.04805640324097934,0.0013614506571383617,0.011894640519983138,0.039515209660887236,-0.007377894674377293,-0.01912277218279123,0.060170317824213476,0.06126416078374109,0.01730748983560177,0.02540720130048165,0.00020295928422989803,0.028304507755497546,-0.018557203645796865,-0.02868260903502665,0.004880158922544289,0.045250830300657234,0.042531033509372124,0.016770576573517208,0.02953872807181601,0.01361161835888414,0.05452012651628191
35,-0.04150848275975538,0.017106559582727512,0.057345385210997225,-0.013589845755126017,0.029435037616717882,-0.10071507020975336,0.010197216132239312,0.04656946168430159,0.012390970339892246,0.016159437044014707,0.06137513542872855,0.008645743779998478,0.043162679285316544,0.00905561578592803,0.018449437793938653,-0.0008783517622698474,-0.009734154380112195,0.03355044412062532,0.015143126035907683,0.0050267890129268075,0.009967068208169219,0.04971007027130511,0.024228310441091125,0.0643881892346135,0.0415478980808645,0.025083697635553213,0.030695953734559696,0.10433059315154235,-0.038138910254872066,0.018444286948645652,0.046657341907421664,-0.006399229127802478,-0.039700161170163194,0.04543460505097858,1.0,-0.005704582310879178,0.06259603364311384,-0.007469542113169567,0.03547951130221076,0.053440046928536995,-0.002577564543396087,0.026068374391616633,0.028237284833467866,0.06121089076065231,0.016545423473120872,0.0,0.004716980233812094,0.03779314830473811,0.005738252261007858,0.05623300111593442,-0.01771383124440778,0.008877045896413157,0.09370008146421901,0.010703491028596458,-0.02933059073919471,0.014071449633202233,0.02137705536534979,0.08330547487236717,0.07147908460321784,0.016593836614439268,0.0,0.0658569307793873,0.02232214868562838,0.016695698753407418,-0.022435558107139115,0.014885638198784823,0.051164485420670903,0.04946197982820978,0.013107848662100331,0.008319799434017578,0.007472153337009658,-0.024369889863270114,0.02472194710933099,-0.006060089361989936,0.0423482812620566,0.024601569115461817,0.03512256664791731,0.07377408393637737,0.0017296890916694875,-0.008329146392173366,-0.020850575631340372,0.043202825444161,-0.0005498663321062726,0.05846705911127903,0.01490588488876224,0.02454263075827894,0.032695442835444385,0.03691632009824121,-0.0676453077761217,0.03570449555601958,0.03285159158088397,0.023189375666086705,0.04265457926500352,0.03261515225504594,0.0353284371765986,0.010539684227262161
36,0.030032465892292852,0.05489981101214932,0.03784861026149592,-0.06767111335624894,0.036487518892075084,0.0082244481156989,0.02021219705295063,0.028697384266626803,0.05301620894693762,-0.001948889116813051,0.0011451926728100203,-0.020158513589060928,0.056612652607800434,0.04478852806065674,0.08528735593722485,0.06263356374495811,0.037184358667296,0.058343458973403206,0.023325910055010085,0.03702121509618211,0.037012336701741824,0.02768995023289429,0.029012890640894032,0.04065507311592436,0.0677849735410769,0.018904772334310985,0.01337883569764345,-0.043464307055301334,0.003983590258677989,0.026325552229045066,0.028685809160822036,0.028220394854817272,0.037175032477324635,0.06864975189626656,-0.005704582310879178,1.0,0.012528589464617905,0.024180915309509093,-0.00229406672924909,0.09857409046609533,0.013771571728316898,0.013902385744188245,0.029391302896358988,0.035155573276849705,-0.02585440728273451,0.010574642893231127,-0.021946145852855155,0.13475547019276127,0.06582261980338136,-0.018565903363750642,0.035135672563167894,0.04857544952496696,0.09845894475100497,-0.002450922173705839,-0.0001072051922387518,0.0012041201210764418,0.007488886353898921,0.1016236393850843,0.02505950583454639,0.03530155850214841,0.01783380036479652,0.00912549530360347,0.05205221179884772,0.020490373045015657,0.051715354023264735,0.04611961460302449,-0.04756871680883339,-0.04139876648793603,0.014072882599396356,0.054958495276432776,0.05080334281173114,0.06170408302149013,0.059104455729423924,-0.0032796822983659647,-0.00950325685692527,0.038844672803585396,0.006995180694830708,0.0036088921269429304,-0.01801093855352992,-0.003212831373929123,0.011610089301685014,0.013316917013570033,0.0013390839122091342,0.06613265143965692,0.02175683920481039,0.00742383925599576,0.05280303504810177,-0.010601370672033796,0.026187456909747824,0.01020879227068611,0.07174547522674218,0.07617647936518554,0.01295343529729,0.03380534047114728,0.013525666656487653,-0.02757797390906798
37,-0.03902053326363184,0.02591670550031988,0.03237830131522764,0.01896753349714929,-0.0007605614325346269,0.06789013974711261,-0.05086687521254561,-0.01783764992319396,-0.07405701532365837,0.043982881420483684,0.016900810137553353,-0.019520442035305275,-0.003371902456240635,-0.022437320399036325,-0.03279370332194695,0.0,0.0019533246862403165,0.03662290964960221,-0.030969900032072773,-0.059550740995739745,-0.021408438802166828,-0.020329694736847745,0.011904131381187934,0.03377092080308862,0.03411669225483492,0.05493399071019826,0.05219829626881773,0.05604510915468501,-0.011355916774921749,-0.005742500916183143,0.09488456871612173,0.1993827965027961,-0.07215956422548775,0.01706219030632916,0.06259603364311384,0.012528589464617905,1.0,0.059250314298670045,0.055849448915550076,0.012446126977852554,-0.025933642647623274,-0.02465386196890989,0.05861256021350075,0.008969405305982319,0.044567338840740434,-0.035950552319140856,0.045854974305969486,0.03848998041158719,-0.04492826509491302,0.11266127050291681,0.18255601833235446,0.010866856037119604,0.01162105917508021,0.0251163567164173,0.005334424958019469,0.0032354914540656744,0.19630753617195407,0.03969675025813655,0.0731671507390215,-0.024725704283699298,-0.022287607694811962,0.009883444686855484,-0.008978396042492254,0.0023136116863706154,0.10725325295074235,0.013826214337881818,-0.06254661264241841,0.03463403081060194,0.0006328329298758717,-0.007563723342281275,0.019933670999360886,-0.005674092531039348,0.03411180415285233,0.009619838791945456,0.005181563377542411,-0.028739721694448238,-0.0359823927819513,0.03048726695630522,-0.03164749591894238,0.009176254178682085,0.018917167173213005,0.0667418449171768,0.048483880139806174,0.003969857427024293,-0.007688429632619592,0.03786575373858376,-0.01254577987318328,0.032735299401027436,-0.0077332276683446735,0.021377045392432764,0.049554984582562835,0.1367889635172701,0.014542510385773854,0.010716504843192486,0.08480546009974288,0.0383665673811372
38,0.03760198221238616,0.008707441282820068,0.017348646298025076,0.0,-0.026562232296041044,0.008671574502411829,-0.015102377514260317,0.04089904377158096,0.05273723512602166,0.06605273655218101,-0.055815603600226395,-0.008150907466067383,-0.006798306911028623,-0.01421541740883243,-0.005496093804767924,0.018784505163911655,-0.019394578314267566,0.012620093165615952,0.04533410009416324,0.013368501571971041,0.0039001381612297137,0.015656757782001138,-0.02320795692670615,0.007003475737636493,-0.0009595041467230741,0.04704386746405892,-0.006166029389033856,0.011246461417556988,-0.0027956572288509595,-0.007723704867616565,0.02272696973130308,0.01593874526311867,-0.032515066604966336,0.09900048448699006,-0.007469542113169567,0.024180915309509093,0.059250314298670045,1.0,0.030213013388988692,0.0025797928382762254,-0.025090945720648825,0.005632370586093689,0.07568465996147572,0.02977956762060948,0.053248175880119146,0.0,0.021814640767794425,0.03278939049173517,0.03689333490905017,0.02167666982773585,0.028610677489356078,0.033857031946592564,0.03810465195234364,0.00010244223444449328,0.0682757318177289,-0.06842565834412866,0.02881573246559272,0.0012939257413872509,0.011176950709639304,0.016116032867861684,0.017826155724884933,0.04509125831452141,0.008562951192060141,0.0,0.03428158383106217,0.008299032271579871,-0.015186869065368595,0.030040805101828827,0.04189098693471099,0.018292944808900525,-0.001211642085957071,0.040669449331153115,0.001157738202432515,0.0026994431592549635,-0.0074240561109584925,0.07909240985125908,-0.006677124037748588,-0.018568398003548613,0.007346367393509072,-0.03075847176159934,-0.019468367848509957,0.044625247606937146,0.015080997903247793,-0.0053971198789525675,0.006152524699828481,0.03830208496084641,-0.006766352613852508,0.030194469485742483,0.03458177427358425,0.0006882969273926277,0.028395066071852753,0.08022772173890899,0.017639370347824413,-0.004258332657083565,-0.01209568519808385,-0.004861467712639971
39,0.028753933284519726,0.057561088024309454,-0.028991255262754402,0.02470094529968541,0.13046880581579773,-0.050175044072165664,-0.06542355960602851,0.038712609007268355,0.0030987807782838547,-0.021060351655685122,0.08072601366517726,0.004895538410171359,0.014867520034900147,0.03555108284985874,-0.002907192598891979,0.026548558313605065,0.10063746528805571,0.016868520313049362,0.0633895086163866,0.07496960679954334,-0.0036476956751547215,0.11478262288886076,0.011923523867462708,0.07518752183740987,0.05618932193010677,0.0031790494462011465,0.019736388005178077,-0.006950279312396083,0.010884699321975553,0.03441427092108354,0.004236204715145785,-0.0008715680646313971,-0.014088227322629494,0.030205134665962634,0.03547951130221076,-0.00229406672924909,0.055849448915550076,0.030213013388988692,0.9999999999999999,0.0022327839389911343,-0.05569587758155368,0.01603417818010649,0.07946943835059045,0.029695026586113824,0.010679747796189014,-0.004063227006064631,0.0077794015279929705,0.07540368357280698,-0.005681715869683503,0.04545350411375467,0.0022110416476963032,0.02291103798762869,0.07909718728747285,-0.03222149968824258,0.050984275578715064,-0.022950432249446838,0.10922191601639894,0.080222362660284,0.0011681463497116122,0.025040373118617086,0.04247464578057773,-0.004591339502665393,0.17629716999142953,0.06805841650184362,-0.010661035723675927,0.05453551478581742,-0.013580033769135323,0.0840798646440149,0.01783676233315484,0.21314106395665955,-0.06261395912286405,-0.015960159087370304,0.09960725645035053,0.008296882914069263,0.02073083428904695,0.0867787746597799,0.18268124363124377,0.03785367859255803,-0.0016541076773309987,-0.013946062392517784,-0.010290470719464193,-0.012767677213611054,0.0840641074481763,0.04560028436738871,0.043862345599915885,-0.13249448695580496,0.026218135753307212,-0.0034228022736686146,0.034085286145936436,0.053344575763085475,-0.11427211773717277,0.10688589747224989,0.014796947676142591,0.006304326825727916,-0.027424097313601892,0.021202540589655126
40,0.005724222397452476,0.013087761150222622,0.032577076812797916,0.012515431251067676,0.006959383047093018,0.021143530342473467,0.004758940957671308,-0.005792853884189294,-0.018956480157336694,0.02327006209260981,0.017254120277642504,0.06320466733053401,0.10746225617112812,0.0,-0.01133855016675319,-0.0005522175982900745,0.04254211633918846,0.05303926247514853,0.007569652851106447,-0.013622746022472867,-0.011148511575158608,0.0361694100509528,0.01843875374412257,0.07162272796153815,0.05168228374536482,-0.0065580915356919945,-0.023129490951320594,0.051523516677891325,0.06642749781580003,0.0,0.022165684322817396,0.0027297262265473196,0.04201163905505595,0.03495884310013046,0.053440046928536995,0.09857409046609533,0.012446126977852554,0.0025797928382762254,0.0022327839389911343,1.0,0.0018489023217278368,0.054305801691072714,0.01928101094392867,0.045358316653008164,-0.003274187064819763,0.0,-0.011908668931509775,0.13642300837352386,0.017627751111097593,-0.007204367484321228,0.0,-0.006059574576114048,0.059724200097451344,0.0,0.006656180372849122,0.0001592758591135976,0.02355645588478973,0.045173020477633406,0.07028711537913157,0.04602345047006747,-0.00629486317990083,0.036753445300861394,0.01941741375544373,0.06868337628881711,0.04151117990362263,0.012349707162616321,0.00888598386251863,0.018689231264088772,-0.0004822498243011392,0.02776793004146281,0.03492728369153156,0.002502329558076907,0.054339144305742416,-0.00032943492589029746,-0.00025578254414779857,-0.007309374490331086,0.0,0.023833242265402056,0.0,0.00750902166367197,0.02435600607226786,0.023018890977523576,0.06472265977033115,0.0752839245980473,0.005721869787704115,0.009657921664486745,0.023880281953773196,0.004789707544855828,0.0021877394327875794,0.007608815556010882,0.02134686597541253,0.01669086848156465,0.06650111917564631,0.007955554985329098,0.04012491750631643,0.02622897341008407
41,-0.025148834853399932,0.008433880433181737,0.03638816088344728,-0.10446608224172409,-0.022757453652933534,0.0046786363355753,0.02082343425742803,-0.030176347251887246,0.041776772509934376,-0.037992888961496135,0.02244528458724062,0.0,0.06783744026253757,0.062493616102015107,0.012559489111887895,-0.08655046447880098,0.04141029505606352,0.044394904982694036,0.0928962503554026,-0.05817532945261983,0.06332186302022044,0.08978840956180648,0.06974301212786616,-0.019244703076198872,0.10988399456384147,-0.018460168340635824,0.016566270033657345,0.082414379576034,-0.031187594482772633,0.01698516457777554,0.017720329132929244,0.0391744491250654,0.05335493362723331,0.02410680830894052,-0.002577564543396087,0.013771571728316898,-0.025933642647623274,-0.025090945720648825,-0.05569587758155368,0.0018489023217278368,0.9999999999999999,0.08511719328669846,0.03773220460504149,0.05499630705747767,0.006774254262821183,-0.11355198124731246,0.0,0.1218593033761021,0.023769089181702983,-0.051153449709616564,0.005897140515946669,-0.04114961291590521,0.01923435560829646,-0.0010214411618483217,0.0011117919390617112,1.6405094444027295e-05,0.012881868622004404,0.02655188148300374,0.021189762328758598,0.027777672730837463,0.026490067617114144,-0.017439348333122127,0.010331033715481542,-0.020079385893076833,0.032604297393328645,-0.019079926501696633,0.021411478764185296,0.0031170220481886515,-0.03004772032468679,0.001972497985425932,-0.03392716942284613,0.03376118069628651,-0.01428133897802054,-0.029011122543053557,0.02846916779900025,0.01381702885373107,0.009226297673930572,-0.011693281204258221,0.0,-0.020267654771849046,-0.02551219928062339,0.06087877031324691,0.15737628312943164,-0.020832617375713066,-0.04514353030406326,0.03967856794512872,0.02133369264220717,-0.017690908944692697,0.0,-0.027223155356913886,-0.015530912252278085,0.00677468355966371,0.004765271575332096,-0.02437038732899089,0.037175518095745236,0.013371918076197349
42,0.0017646759118241599,0.05070242295164219,-0.02178786719900471,-0.04054341895089057,-0.00850932225727936,0.0014459313049820593,-0.0027085715924233637,-0.005552152992124196,0.03789593259367351,0.05340387816767927,0.037084576415506915,0.02807344372811507,0.12027269942261919,0.0012165045011906222,0.06813539609578512,0.014502611954835974,0.06175166921676969,0.0921080439836495,-0.024119701108211527,-0.041077422514611155,0.03160505690295294,0.0652101644531344,0.07577908934174472,0.013818652990427251,0.09854317735619293,-0.006456760172307172,0.044956962964096674,0.06320707769279367,0.04883275012246292,0.04993628551996548,0.048015223704770335,-0.004705497521443999,0.14314824568597773,0.03196005602180405,0.026068374391616633,0.013902385744188245,-0.02465386196890989,0.005632370586093689,0.01603417818010649,0.054305801691072714,0.08511719328669846,1.0,0.019732289152884358,0.10816326753962352,0.020671278622834955,-0.016786185554887673,-0.0653168207478838,0.14908804769754772,0.024433879981695526,0.006186992460259702,0.0008673598152799077,-0.024363890481717727,0.07769204760349889,-0.003593120871087897,0.06193981265692668,-0.02496886522978509,0.00953819330791923,0.20251181036456628,0.01367609785739422,0.037291853867661866,-0.000684483373849925,-0.06311759725101435,0.031371933007774085,-0.04207760146267453,-0.0044907131936441965,0.05607589362306538,-0.05304043295983859,-0.004012861769525643,-0.044555716795151176,0.04872605693510486,0.08685162252260191,-0.009203680400861967,0.13933240754134324,0.027217647254239398,0.007875700786639545,0.008687088258718723,0.012293453151132522,0.022575450127140163,-0.010286610791399581,-0.012291414693909203,-0.03123616862710696,0.07530932080979302,0.0690754375602365,0.077188745179395,0.0016835401926751084,0.015440888777584254,0.03509660569508175,-0.07476829900554893,-0.03169652841187094,0.003443170942528069,-0.0011299122535091228,0.0045812438710935545,0.07662283135060727,0.08466173341507768,0.08920253619890656,-0.029098346421522453
43,-0.10237290563884027,0.026061408234324367,-0.023401033679565836,0.0,-0.00810621348972941,0.014222533993337984,0.008888211337186707,0.03710711541938871,-0.016007480155315553,0.03428491545880609,0.08818683861113474,0.0,0.0143134347605503,0.11428960384451634,0.12336028282485258,0.04376018713466355,0.04476071202000608,0.01745372214286442,0.031573086206022644,0.0005764287198883935,-0.056879413646152746,0.02057364771290258,-0.004419359106444745,0.022961390288965926,-0.0021129428059606563,0.017295661290221746,0.013969726855281025,0.06269063304144504,-0.0038851174594830337,0.03103309133959945,0.06299089031606078,-0.008508853814346948,-0.02108228982968749,0.0659074021254172,0.028237284833467866,0.029391302896358988,0.05861256021350075,0.07568465996147572,0.07946943835059045,0.01928101094392867,0.03773220460504149,0.019732289152884358,0.9999999999999999,0.07601487274495167,0.07530425228149815,0.0,0.0,0.06332482634798965,0.03340150324125646,-0.008942505939448491,0.04700519633143632,-0.0447091265427386,0.016801445690707177,-0.08139698936893333,0.1246919280590244,0.019888412401409764,-0.005292136506841713,0.0699818140331083,0.01956086203668924,0.05813767498744821,-0.000989333133250621,0.058501466983575875,-0.022324988324034165,0.03270016925492998,0.09359864580491846,-0.013291244304434752,0.00555039855113372,0.07747247335011401,-0.0060770332322255555,0.07076405978379749,0.014311150932609783,0.054820855436372676,0.00013519958499737434,0.006704951913389903,0.02628426327112248,0.03748736041954418,0.22135805550200172,0.00010956127127499053,-0.0015619731447892324,0.009463358973228909,0.00690556799925218,0.0689972479943945,0.05383687248864215,0.007203092732584331,-0.005575526943272728,-0.060951038340606785,-0.00013503544273681632,-0.07467813518482494,-0.02482312965976276,0.021775565795699652,-0.03811006486625855,0.10134109926705123,0.00424603085453296,0.012126514045191682,0.025027093686154883,-0.013573019794359214
44,0.005804158914157892,0.030159021199770458,0.04430736617321163,-0.023783271070972983,0.023248641294688253,0.011686671046145208,-0.0001902235947667079,0.027636224843958376,0.034221915353088314,0.09217255837506526,0.03231634806317457,0.03486212673431737,0.14066009334796933,0.0838209721821878,0.04203754911736266,-0.007480206259564691,0.0004598467910877282,0.09189858048182487,0.04847939815269843,-0.00406611262373139,-0.014202723900690335,0.04370170772424565,0.00717237937613169,0.05301251516689298,0.09439898140851588,-0.0016424126134991744,0.011245247766664367,0.023561134858930372,0.03312304953244072,0.08826052880947481,0.07004771641801877,0.038996970018465485,0.005262220033800419,0.09555066420051847,0.06121089076065231,0.035155573276849705,0.008969405305982319,0.02977956762060948,0.029695026586113824,0.045358316653008164,0.05499630705747767,0.10816326753962352,0.07601487274495167,0.9999999999999997,0.018731886126405913,-0.0866907902590937,0.0010119242184627492,0.089305927389003,0.04193641404695353,-0.0006572976742627425,0.0443504685104989,0.023756085869522228,0.02050626219171746,-0.005877946703799406,0.04402511725478794,-0.004712088013923848,0.05005124648531023,0.057717910996546835,0.024104234820633078,0.015579104500408676,-0.010992344063076656,0.03688185601309701,-0.02622604902084459,-0.029625130554931156,0.07897463526545405,-0.0077246526626464015,0.01272792770386047,0.02452300615406546,0.023956631248445402,0.01968658107307429,0.04625019306674912,0.05242766380918346,0.047866513852134966,-0.0351218648015131,-0.06458795100005885,0.03977108007569756,0.03368481565986852,0.016250912296526525,-0.007176581899907897,-0.010951625096485599,-0.0006424168162883449,0.045378375169441744,0.12284384499304477,0.10148319352778735,-0.0053750544191676925,0.023681606718070927,0.060020947611209546,0.007745596580888099,-0.0037324224098393456,-0.009910200756400004,0.026686420683021267,0.08449878032418849,0.07042394875475153,0.030700687264613502,0.0714899151496069,0.016445503044680565
45,-0.0023772239304972074,-0.00012376022095743604,-0.047006448408814495,0.0,-0.037954812092037715,0.023158937202233266,-0.013421657788245781,0.007803388871360589,-0.032698092165551335,0.05959283939912016,-0.026618822809247537,-0.0006768859025273498,-0.02521518717474633,0.021943604809347473,-0.03161412164629118,0.0015841564862647233,0.014714380915858527,0.028951307082308718,0.018423035422012585,0.0021072014033849304,-0.03387239095557285,0.007161701610098746,0.013004584398848298,-0.023273316728628007,0.05071838678974436,-0.00316915738260459,-0.012710784363947182,-0.009646478259932005,-0.011481024261056344,-0.029673614544676402,0.04655669502274987,-0.021995465968175337,0.012456888443230972,-0.001985874527040867,0.016545423473120872,-0.02585440728273451,0.044567338840740434,0.053248175880119146,0.010679747796189014,-0.003274187064819763,0.006774254262821183,0.020671278622834955,0.07530425228149815,0.018731886126405913,0.9999999999999998,0.018847382321006703,-0.034391718387754025,0.014876667175034225,-0.004838186749520475,0.03984137349694032,0.012717789160110803,-0.007305659549443522,0.006641559012950497,-0.03224110024819604,-0.011997069575643313,-0.03747488433870053,-0.004727718663830176,-0.014065848951319154,0.020817669164814482,-0.03642681252766302,0.0,0.008456917284816338,0.02682762964049108,-0.017579297820066613,0.019143038860587793,-0.002894584619575055,-0.029602977492616533,-0.01240006541040655,0.006649366484374289,0.004074533961886633,0.004093971945379719,-0.07464484743994348,0.021557923652944084,-0.0035589173630122045,0.02488620950793536,0.010614364231398176,0.02585856460352784,0.013596165719430876,0.001005043473938422,-0.00897281188949678,0.0028637176442174533,0.024269669542115256,0.07055687927185252,0.009830226325866387,0.0005175931583467201,0.009416745809640841,-0.00025732171371942105,-0.030898926853679527,-0.011792135624406348,0.013971954126009975,0.04695719032427133,0.047535904360362445,0.014066583332817207,0.005463646490522497,-0.012520727833873927,0.0404331739719871
46,0.0,0.02358001883728989,-0.029267499352812285,0.0,0.05082161580469471,0.0,0.0,0.0,-0.05636279767118345,0.024924793530697882,-0.0012385669611379017,0.0,0.0177111070881601,-0.023660530749825777,-0.0019479977890768316,0.0,0.002769292546445857,-0.005536803031944482,-0.009126674901057032,0.0,0.0,0.013826430476169403,-0.016848275192564075,0.034916435703476724,-0.04662535107624308,-0.023482753949589135,0.0,0.0,0.0,0.0,-0.017905154569470814,0.0,0.005206826946220604,-0.015810012068604558,0.0,0.010574642893231127,-0.035950552319140856,0.0,-0.004063227006064631,0.0,-0.11355198124731246,-0.016786185554887673,0.0,-0.0866907902590937,0.018847382321006703,1.0,0.0,-0.04354153726059846,0.029843740641752423,0.022822070393691524,0.0,0.05968954819057982,-0.01795109410178828,0.08011312468317368,0.0,0.0,-0.03472972195584858,0.0032116008490238935,0.0,-0.05313764660414133,0.00252486613514618,0.042413375986505276,-0.004069668250866722,-0.00981808704569984,0.014591585258581752,0.0,-0.0032426156993204456,0.0,0.0,-0.01344243362258286,-0.031571013927184,0.0,0.015001084058968422,0.0,-0.027519908622030874,-0.038630592789118345,-0.018308884277096857,0.0,0.0,0.05274957953667443,0.0,-0.01675042502373532,-0.03712005524613618,0.13273420490562443,-0.028687985035994408,-0.04394419700467952,0.0,-0.0189719303215879,0.0,0.01492986594600156,0.0,-0.006399544459858045,-0.0005401245273719448,-0.05373007299809467,0.0,0.0
47,0.07132893368483142,-0.062054725094228685,0.07191577615929931,0.0,-0.0737407718992327,-0.036921128666581114,-0.0020828090810533903,-0.041461992971706274,-0.04679165134845617,-0.004837270176983773,-0.11778365570636512,-0.11023663993336226,-0.0446490366782431,0.08907331713891666,-0.009206369581776022,0.0,-0.040072562363093804,0.011881842061612457,-0.04593689591692178,0.0,0.0,-0.03713304297723363,-0.038941167137604905,-0.04432320048615251,-0.004552232848264051,0.0011247334855166817,0.0017741300386704259,0.08953364052527246,-0.004574833679513005,0.016054569859164394,0.0,-0.12647271344186162,-0.09212853075987848,0.030798066659490836,0.004716980233812094,-0.021946145852855155,0.045854974305969486,0.021814640767794425,0.0077794015279929705,-0.011908668931509775,0.0,-0.0653168207478838,0.0,0.0010119242184627492,-0.034391718387754025,0.0,1.0,0.016772876838953628,0.050284305303547126,0.004295840899424736,0.0061428239791605265,-0.010790166582923096,-0.007901594736836565,0.005241164931764062,0.0832377522502695,0.18502094490857376,0.007408872424247717,-0.03262055987038265,0.021802879946935833,0.0,0.0,0.03866579622872781,0.0,0.0,0.049242638008628686,0.0,0.045038409114629384,-0.026451448141264735,0.012617366877078923,0.0,0.0,0.04990234435964793,-0.000575251764142423,-0.03281891694799584,-0.002011106869967728,-0.047492040353434795,0.0,0.0032631550021907513,0.0,0.0005195486404038843,0.006379476084783116,-0.060557750250414884,0.0,0.006388160903753925,0.0,0.0,0.0,0.011557987726229398,0.07966325856181232,-0.023468863659398147,0.0,-0.035086984056787146,0.0,-0.04499328490170573,-0.03781093819831238,-0.05677648579830206
48,0.059246275175493225,0.07257034436137028,0.010622067673666151,-0.0015912522980937732,0.023239057259945024,-0.023442837928763206,0.055951944754561014,0.08487131044183606,0.11320833572570319,0.06180870666078779,0.045703529035557425,0.07273315697367382,0.17154452704951464,0.009737737579399827,0.1264254660984247,0.08234159696042313,0.10084417596218444,0.20079832114022442,0.07354984354156952,0.08625398236619114,0.019801601925498943,0.05150341228015657,0.09723268861891576,0.10735886424270129,0.14164725926857283,0.07480369068214363,0.07931225893116219,0.03872746510078966,0.055753204150501445,0.09659833612150207,0.05930704888447639,-0.0005281640447497345,0.07520219612044718,0.07369354363455545,0.03779314830473811,0.13475547019276127,0.03848998041158719,0.03278939049173517,0.07540368357280698,0.13642300837352386,0.1218593033761021,0.14908804769754772,0.06332482634798965,0.089305927389003,0.014876667175034225,-0.04354153726059846,0.016772876838953628,0.9999999999999989,0.07267372007661752,0.037023516575238974,0.0451875335919467,0.02165967996916878,0.14482277758072978,0.0076180729029862795,0.0903299799252527,0.06259775378194168,0.07247012763623374,0.19172896884556184,0.03398623520692191,0.05694267382947926,0.05436353360162435,0.02984336851959553,0.09746211895984125,0.11358963667879855,0.08264106125632056,0.11914483587861203,-0.051144324308254385,0.015270012660112105,-0.018781866365298668,0.03228402546302005,0.10829034081836689,0.024103089985385354,0.15335059865923914,-0.011013297080923405,-0.04305566834034857,0.03376124377932545,0.03839068555368323,0.025350486104984374,-0.026638162149434232,0.037293473966740875,0.013567255888143906,0.1467918297617815,0.14641356076403123,0.06310446705632122,0.028364945515727075,0.0393322016313634,0.13071917941445083,0.04009242571597457,0.05608564448694188,0.07167635153173775,0.010862309677304675,0.09768594840487327,0.10509069631745963,0.06980556152602593,0.07365291198489575,0.04184899312335044
49,0.14845529673917252,0.092796781433564,0.09446200351637082,-0.049708307258216955,-0.011879624784402756,-0.04608564729803481,0.12533057139680356,0.05112883315067408,0.12504703068230827,-0.0047386583334216624,0.0022365300274563736,0.01551193631342907,0.08054693837710972,0.0016342237638012772,0.12098464849925604,0.021654901863102503,0.049399931347576025,0.07659071837885695,0.027013635295159252,-0.0637643306055709,-0.00525033373167863,0.05537281415522548,0.0013761924665752073,0.05916612112276053,0.037098748784680245,0.018583938676427887,0.02472125656081249,0.03362882015095479,0.09358828345726886,0.052041716530883755,0.01818690883800865,-0.05113444248494756,0.04389027608304235,0.03382592267213366,0.005738252261007858,0.06582261980338136,-0.04492826509491302,0.03689333490905017,-0.005681715869683503,0.017627751111097593,0.023769089181702983,0.024433879981695526,0.03340150324125646,0.04193641404695353,-0.004838186749520475,0.029843740641752423,0.050284305303547126,0.07267372007661752,1.0,0.055254793462620466,0.013466856108205805,0.17007341210434673,0.04322958746310701,-0.013883756912409582,0.09163688267371214,0.08580559419160816,0.023404063499208167,0.008226596028080502,0.0158213045343908,-0.012591913229732113,-0.0380974974486887,-0.002760313166301818,0.004159724873042664,0.007031251315245487,-0.002039688500678663,0.11392710696924882,-0.06540012971618028,0.03118954105879318,-0.04090454685432805,-0.025858070875099608,0.025965964990437018,0.04229745489384599,0.03816792337841535,0.03248693417226261,0.01576751452178307,0.01652190392648746,-0.004804111519562955,0.023732725402986446,0.06855780714532714,0.04502180765303253,0.0005016537419559697,0.014563549611510875,-0.0019265651459549858,0.16996973854256214,-0.00931231727961334,-0.06621069085330353,0.024158715922861,0.02633389549780191,0.03864972636503643,0.004455246798784026,-0.006488187973619037,-0.010789268258926092,0.07695266482967202,0.028147750392716796,0.08098085669471282,-0.011043307242281045
50,-0.006241843068504073,-0.03405842712108823,0.028766161672551523,0.0004814130995931648,0.0202470371567982,-0.1364471621947435,0.023542442126620086,0.03836137670139039,0.018822446979265862,0.0013413125829663264,0.04403003775850779,0.057142085096443335,0.007597594108876259,-0.016863585109747233,0.037935655687250144,-0.02295777635730224,0.013138959028772738,0.02854056152747672,0.021514801063971935,-0.04380220984267247,0.0,0.03877399373146419,0.01604394388898973,-0.010936487100841353,0.0005385076023725179,0.023593274604974217,0.025884113119033804,0.019004020367997095,-0.021325759730966273,-0.010470801736729363,-0.033594415218644674,0.1661681713565505,0.007425590353722199,0.041688965548834354,0.05623300111593442,-0.018565903363750642,0.11266127050291681,0.02167666982773585,0.04545350411375467,-0.007204367484321228,-0.051153449709616564,0.006186992460259702,-0.008942505939448491,-0.0006572976742627425,0.03984137349694032,0.022822070393691524,0.004295840899424736,0.037023516575238974,0.055254793462620466,1.0,0.05819332582445991,0.10689700413960262,0.026025285147390734,0.033044034192553126,0.0,0.020212280968776582,0.17192347462142032,0.006765945933067493,-0.005234831753833614,0.03861528923698932,-0.10386294673363872,0.024908410731361567,0.043105417473215515,0.026253426467151852,0.042987254155490484,0.089733096605939,-0.08555757062834822,0.12243631047109076,0.034894314005416864,0.05149705694025948,-0.006764372823442756,-0.07575052748866971,0.11239769532175918,-0.09411953837077486,-0.0017425929988808242,0.03606693669877893,0.087427446523275,0.04304982702553268,0.15975847529938905,-0.002114444650719035,-0.08457084696112763,0.04475638508174714,-0.004905871439894719,0.004774541606165306,0.045180863515891206,-0.020700717310511516,-0.026056476212259434,0.0015975298178284802,-0.04781840372673851,0.05951464726050737,0.013231038690395791,0.000428127876590347,-0.01021539144560394,0.07053632096757231,0.002017988354129128,0.022183946220191274
51,0.022165000527192943,0.023352749223017572,-0.03640377071757267,0.20783583675165512,-0.04233490698269092,0.06340731922006576,-0.009723927403031168,-0.005605846189878091,0.06408080674016675,0.038812139014127243,0.0033513522890881364,-0.025234093443015308,0.015020105261047122,0.009568167180297231,0.014027247332844897,0.0,0.018135617846653615,0.01766761811258399,-0.008465761622625158,-0.031981826239355436,0.003688900204172298,-0.014617775127833547,0.015065863643474018,-0.002323401425455278,0.0007605305943352188,0.03267328434602798,-0.01666349274655081,0.017575054592499084,-0.021714889177638495,-0.016788948486851897,0.03649366730755966,0.19885063520567636,-0.018281584241340892,-0.0007563667090992598,-0.01771383124440778,0.035135672563167894,0.18255601833235446,0.028610677489356078,0.0022110416476963032,0.0,0.005897140515946669,0.0008673598152799077,0.04700519633143632,0.0443504685104989,0.012717789160110803,0.0,0.0061428239791605265,0.0451875335919467,0.013466856108205805,0.05819332582445991,1.0,0.03796350772629417,-0.012148124218353692,-0.08557270631732253,0.08723207326920487,0.05059621132046789,0.05009889534238005,-0.013879339760333401,0.003323572413158846,0.020123977840639073,0.08805734315626844,-0.0034369235175873308,-0.03210024618980763,-0.0283342507839113,0.1687998407450291,-0.026404530593691366,0.050731201039846255,-0.09686496005113115,-0.015115916608758355,-0.01565891310421068,0.03999487147007887,0.018049562462121197,0.030548305591169313,0.008779806261736346,0.021292562163198796,0.035726193733301506,-0.06963439042228078,0.03741431510804304,-0.03659576487621926,-0.06018914909316815,0.02705430572492865,0.13398878630597894,0.03228297311835098,-0.0028577148322306576,0.13478517658404413,0.007064221901166108,0.0024745140241694734,-0.008909020071071078,0.0,-0.0030425367788253724,-0.000943288965355454,0.13078089113599062,0.002817755230209979,0.05557460825752435,0.02426127640823963,-0.007408295182623915
52,0.03188871189210488,0.03388406168666906,0.15244322536274302,0.027050234793433506,-0.03985094620172469,-0.06245113435957623,0.1668605398030225,0.030415704174816142,0.007754538083374989,0.004199907480598921,-0.018255177595803807,-0.020327480963037915,0.08868193574087148,0.004062253536745129,0.09169494276877473,-0.015438265115534077,0.027506296535171934,0.05356062850827865,0.04027780296049144,0.028321659012520966,0.0,0.1256938454019783,-0.03603242659911007,0.063784948728014,0.0007292253334609922,0.03436991556523486,0.01249148571480506,0.04373073097325145,0.04031784741068408,0.061299590512348415,-0.04234930588133828,0.041222352220357736,-0.0006081101701975334,0.0019512143425764674,0.008877045896413157,0.04857544952496696,0.010866856037119604,0.033857031946592564,0.02291103798762869,-0.006059574576114048,-0.04114961291590521,-0.024363890481717727,-0.0447091265427386,0.023756085869522228,-0.007305659549443522,0.05968954819057982,-0.010790166582923096,0.02165967996916878,0.17007341210434673,0.10689700413960262,0.03796350772629417,0.9999999999999999,0.0385778416695035,0.0,0.08194000511639637,0.03020124337331126,0.10912021011559886,0.003953718054466432,-0.004668573707827346,0.026662385729783578,0.007868679180857905,0.025375414079289296,0.05979778677487082,0.08513976736092697,0.01627445386336499,0.06213456042392744,-0.01856508974663172,-0.04465631007238957,-0.0010712835925114003,0.04750818371676371,-0.025114111108656894,0.03770696441007025,0.0725249566013221,-0.03561024909329908,-0.023392662870440787,0.002031379400212476,0.04152826315419381,0.025028188370320472,-0.03426900336574244,0.006680502850317675,-0.07777608791295225,0.10604086822722836,-0.002935718022027616,0.1771841672668844,0.040007044320953505,-0.09592643435299811,0.05168737476472246,0.023809023503920865,0.05952304536571564,-0.04798008407190318,0.0073851851322617665,0.04135521227618172,0.14534758437699413,0.10338507351161697,0.0419793873720821,0.004215926182158387
53,-0.02163252046142015,0.04995854015596204,0.006938394087245254,0.000545960996590337,0.09399266253227279,-0.02128728910616087,0.02148382949335612,0.03882193670587171,0.06549719923886248,0.02488529198990896,0.050284143806532816,0.026585940357050624,0.029090948824033187,0.028711371077563642,0.05662851256228948,0.04979116675377358,0.12591537572069636,0.13641146612031513,0.05711694170992844,0.03875795074417753,0.012068472512569803,0.1239492542220762,0.045657045797641405,0.08845544056651267,0.07016758908970994,-0.013900312115336277,-0.029417966118664162,0.02938925588205602,0.01649712839642582,0.012619286229857616,-0.0001084228576361361,0.012354087673699523,0.01427783280123266,0.03974914401783292,0.09370008146421901,0.09845894475100497,0.01162105917508021,0.03810465195234364,0.07909718728747285,0.059724200097451344,0.01923435560829646,0.07769204760349889,0.016801445690707177,0.02050626219171746,0.006641559012950497,-0.01795109410178828,-0.007901594736836565,0.14482277758072978,0.04322958746310701,0.026025285147390734,-0.012148124218353692,0.0385778416695035,1.0,-0.0014554606963897336,0.015810019225316788,-0.002558665516670936,0.06439550021012377,0.21687525072227576,0.03475855408459912,0.007095337491985529,-0.004691668219466933,0.05307075870380956,0.05336929306577982,0.010244267594192003,0.004273613766479805,0.020660625547325798,0.019307047123454647,0.012555609659131403,0.0429280305363539,0.05164444845805867,-0.017774843345669724,-0.018337077268973784,0.1098340180813303,-0.000545032126571466,-0.004908490533632747,0.07355340213862326,0.046670256407093415,0.017024695887356785,0.03702020935850195,0.010462776064984101,0.023208472624025964,0.08218752483227865,0.07178496417862917,0.04392369732638207,-0.01085605949853713,-0.00624202025767279,0.033912038446291204,0.0021658539528211945,0.02270174695726071,0.08024903711345328,-0.01192671950328384,0.025947530517340806,0.13534130774554046,0.023183296776275848,0.01792547890031419,0.014735552076302987
54,0.04222536599153871,0.02342943856093527,0.08476740152987909,-0.000875873953598639,-0.00028066452772337815,0.0005284525751968237,0.0,0.0,-0.013281143733388661,0.009905568456019316,0.005278310944660593,0.04140157696289191,-0.0010215281757849145,0.0,0.011197450373332047,-0.000696149120194168,-0.01891734024354574,0.0021158453720249376,0.02312196384717321,0.0,0.0,-0.0026857587153539704,-0.003948805920375537,0.044821735999350465,-0.011459745640290646,-0.031402316096514366,0.016157062215735315,0.022000490895490395,-0.0013557089482821177,0.0004112332447463654,0.016344771372877084,-0.001043311610328716,0.02989807898104712,0.0026850286867919747,0.010703491028596458,-0.002450922173705839,0.0251163567164173,0.00010244223444449328,-0.03222149968824258,0.0,-0.0010214411618483217,-0.003593120871087897,-0.08139698936893333,-0.005877946703799406,-0.03224110024819604,0.08011312468317368,0.005241164931764062,0.0076180729029862795,-0.013883756912409582,0.033044034192553126,-0.08557270631732253,0.0,-0.0014554606963897336,1.0,-0.09113879426019127,-0.04754125710364305,0.018595459083800267,-0.012165248335175571,0.0014394747697592666,0.002252686314575349,0.0,0.012571831428007076,-0.053848067096333704,0.0,-0.1069415839319052,0.03274222641328249,-0.04038567578712337,0.00036398418987961586,0.0,-0.013648160633651617,0.06453404274889829,0.0002729541256910967,0.0033122652778211476,0.000171697179915567,-0.030637266527326863,0.0,0.0,-0.014117740337873915,0.0,0.0628155193133842,-0.010808326237299309,-0.024042193803826394,0.017375757785250696,0.0010919637144302706,0.0,-0.0006117954122654253,-0.0007996445996406057,0.018552601305444276,-0.011204368347010642,0.03992624493954783,0.0977052312264374,-0.026037942349826905,-0.0002832407730537493,0.028425342758725394,0.018009254050387682,0.0033634212659077213
55,0.02132536139779554,0.11925212500035498,-0.06741306205988158,0.0,-0.11376718565446492,0.07469291722519177,0.10704442210181382,0.011519531573427843,0.10025156344827733,0.025659216133485686,0.06870484027366146,-0.00660883043772467,0.033576188391915354,-0.01435064834061802,0.0809818410185513,0.028793604905266994,0.05368678550380952,0.005145414364610976,0.007419477920525023,0.04066128479243693,0.0030327090883755566,0.05776995158639252,-0.003006767105875916,-0.06648354979373743,-0.005520259115981856,0.037583274748814115,-0.006264019155228253,0.0862388001031538,0.00946942172026623,0.08179842957736111,0.024685431771515897,0.04208278176357309,-0.019382793487652688,0.03603815381741077,-0.02933059073919471,-0.0001072051922387518,0.005334424958019469,0.0682757318177289,0.050984275578715064,0.006656180372849122,0.0011117919390617112,0.06193981265692668,0.1246919280590244,0.04402511725478794,-0.011997069575643313,0.0,0.0832377522502695,0.0903299799252527,0.09163688267371214,0.0,0.08723207326920487,0.08194000511639637,0.015810019225316788,-0.09113879426019127,0.9999999999999998,-0.0542961440844627,0.0,0.023964577806110204,-0.05869206163932076,0.030598544011728398,0.0,-0.051244332721917404,0.06362847629757777,0.0829195135164188,0.022988255794832747,0.06944921777088933,-0.019607228402642052,0.005018281596637456,-0.01221951950951356,0.038590970277080854,0.0,0.006641015657696614,0.044450856384744664,-0.07769808840031205,0.029532934958324777,-0.021233736901960246,0.030333974516248422,0.018189186481821076,0.0,0.02022864816491282,0.005511785193502268,0.1631785907763634,0.013487353012610599,0.017371152050905954,0.0,0.02530462924195357,0.10308359889595273,0.03194581724052675,0.07160822191982101,-0.014863209910080513,0.015174509557300389,0.05232808271783062,0.02343039063267748,0.07060075739937155,0.14469796650483752,-0.02678156319943311
56,0.03373889477685374,-0.06103716323980756,0.015252317784144435,0.018442070729698733,-0.00031386396653757323,-0.054679832308034776,0.020019518460587617,0.03867899724342448,-0.003606056852192679,-0.034622736258297954,-0.04608101068986111,-0.08851643836581051,-0.062301673092675716,-0.03944966244405617,-0.0037456030701729518,0.0301529397592525,0.044950202244038825,0.031740152257485964,-0.0012692994214693054,-0.00476650270179384,0.00463154957078396,0.013705166963707558,0.03847816351600641,0.01456755966680835,-0.008421276713316736,-0.00836656646278043,0.00752557825851291,0.018901862348297247,0.01411648258424115,-0.021885359148697086,0.002343740816685297,-0.08674153017259618,0.01364594937128486,0.03799000833127566,0.014071449633202233,0.0012041201210764418,0.0032354914540656744,-0.06842565834412866,-0.022950432249446838,0.0001592758591135976,1.6405094444027295e-05,-0.02496886522978509,0.019888412401409764,-0.004712088013923848,-0.03747488433870053,0.0,0.18502094490857376,0.06259775378194168,0.08580559419160816,0.020212280968776582,0.05059621132046789,0.03020124337331126,-0.002558665516670936,-0.04754125710364305,-0.0542961440844627,0.9999999999999999,-0.017548037801417303,-0.0016148891375732696,-0.00953807144992723,0.009455022082156978,0.0006292937730746803,0.06249063052389928,0.016099991223347043,0.04343504867748673,-0.00461092306357019,0.03586663365673214,-0.011496328927376781,0.009700218957140693,-0.09120785824524118,0.017910583314794816,-0.021908960637878866,-0.057168413881796394,0.00956360119672861,-0.06249564769876656,-0.007990116326888369,0.031346452867411244,-0.02616789020708075,0.060186468764528586,0.006232192345954054,-0.0069054198499646745,-0.02478068019989938,-0.07055214725321708,-0.013309009460981305,-0.005690321575154878,0.010675823223849173,-0.00647198171289008,0.010070974687101808,0.009160978950974974,0.015400709274670792,0.06744635299375637,0.08114902290719983,0.01199140764874175,0.007635084959060812,-0.03604466825530489,0.04985039804159847,-0.005747622995871544
57,0.0034406001339962536,0.017763902309324554,0.04226731448941298,-0.027865757206087277,0.06817977792511364,-0.03972459022094754,-0.04186184970953301,0.02065694541584329,0.0876752476357823,-0.011454841267237587,0.054668032346404535,0.09713263127860433,0.04403933794446201,0.01451606843659301,0.01627635699195639,0.0,0.07002843632834924,0.03370970113903063,0.025178521566389632,0.13524000220855714,0.0013514897289347385,0.13303352600246482,0.022802784136717432,0.02199513474052011,-0.007089376436025728,0.01364521711156523,0.020334673950333355,0.002618394012382754,-0.012945853081044281,0.008337899591921188,0.020380128822508566,0.12602198635322126,0.03427317929952115,0.04519398533708184,0.02137705536534979,0.007488886353898921,0.19630753617195407,0.02881573246559272,0.10922191601639894,0.02355645588478973,0.012881868622004404,0.00953819330791923,-0.005292136506841713,0.05005124648531023,-0.004727718663830176,-0.03472972195584858,0.007408872424247717,0.07247012763623374,0.023404063499208167,0.17192347462142032,0.05009889534238005,0.10912021011559886,0.06439550021012377,0.018595459083800267,0.0,-0.017548037801417303,1.0,0.11646851748788908,-0.03487992342818511,0.0011196503452361069,-0.016487923143646478,0.015637612572924328,0.0781360811997159,0.04803768770892933,0.024287693964512372,0.030330210953131792,-0.03841928121257322,0.006453426288878569,0.006516820916975237,0.04214267580195877,0.036430571101472124,-0.02127448684219377,0.09552081494120615,-0.02790402155191227,0.021371141009509105,0.10378127214490916,0.11681970918149613,0.031543494876847565,0.0928031669907522,-0.012106204462345739,-0.029931128162680207,0.018518451180398562,0.008690654725320213,-0.08650284476192274,0.014637102683876028,-0.016099806139739298,0.0454606264815724,-0.06585326246097317,-0.02829872541038264,0.027445766230712064,0.02281906616014457,0.054073547523079246,0.03462844594535238,0.06304453391214442,-0.09889998512543872,0.013128363844836082
58,-0.022014297232895275,0.0421549133439,-0.02144080783722714,-0.00563549825756368,0.10082562114044735,-0.02552158349182408,0.007921442304423707,0.04106938703788539,0.09801028924891123,0.024612120234765056,0.0966868995241868,0.0580935127155061,0.07770141637701197,0.010479613850314613,0.047737891116797763,0.007640414772737995,0.12044713816377887,0.18933900632846273,0.032385081431607746,0.04359048817566298,-0.02146857162251941,0.13330911088206823,0.09971351842225665,0.08403224364123624,0.03935511958551959,-0.002893376542197796,0.09661789108321599,0.022944821615180327,0.03384432149752616,0.0033012015929954133,0.023407373740679797,0.045416972263978506,0.01358399519010631,0.04660687033954142,0.08330547487236717,0.1016236393850843,0.03969675025813655,0.0012939257413872509,0.080222362660284,0.045173020477633406,0.02655188148300374,0.20251181036456628,0.0699818140331083,0.057717910996546835,-0.014065848951319154,0.0032116008490238935,-0.03262055987038265,0.19172896884556184,0.008226596028080502,0.006765945933067493,-0.013879339760333401,0.003953718054466432,0.21687525072227576,-0.012165248335175571,0.023964577806110204,-0.0016148891375732696,0.11646851748788908,1.0,0.06301553471501763,-0.011997454248247611,0.04241054778191943,0.051351755428800945,0.04824883004760667,-0.02079057274789732,0.011003549640787173,-0.014550882768191479,-0.008758009445758773,0.012058039000295725,-0.0059717061938042,0.0894276876891897,0.00914516505766541,0.01706028182280768,0.11395223904527013,0.03235136645598634,-0.004942162147124891,0.08414122474993496,0.06850248219126899,0.00719951603507943,-0.0020862672521326994,0.027355570397737564,0.021624834526583675,0.10863353558101688,0.04835207412451516,0.01575330290254223,-0.02068404879490259,0.02218966634796764,0.03325925459582293,-0.013601990076913956,-0.009307711611377504,0.08207497276608873,0.012894432172686548,0.04174479892502053,0.14327221840496426,0.040842124263461205,0.04148799384427068,0.04186580563182993
59,-0.02210575715954132,0.045896775313429825,0.022264193448919275,-0.01258376509729097,0.0488153475756566,0.07612321272755584,-0.027240452458322097,-0.02372461786378278,-0.025530584496291225,0.02913287676478054,0.0004871009993487091,0.004547714952194925,0.004104327754593601,0.0014836582143791868,-0.016433531661983854,0.04635826026496132,-0.009332610164148578,0.003288047353242265,-0.01833722640806915,-0.046101821353887296,0.0,0.0022243642734705703,0.0001408469613967578,0.05258063824481948,-0.0014317268523509822,-0.004017496575689766,0.05165127379297237,0.10460131592522312,-0.014651265867330008,-0.00325643689034537,0.041355791261333236,0.012057818664211324,0.02391988138674027,-0.0010686131728132034,0.07147908460321784,0.02505950583454639,0.0731671507390215,0.011176950709639304,0.0011681463497116122,0.07028711537913157,0.021189762328758598,0.01367609785739422,0.01956086203668924,0.024104234820633078,0.020817669164814482,0.0,0.021802879946935833,0.03398623520692191,0.0158213045343908,-0.005234831753833614,0.003323572413158846,-0.004668573707827346,0.03475855408459912,0.0014394747697592666,-0.05869206163932076,-0.00953807144992723,-0.03487992342818511,0.06301553471501763,1.0,0.01550197027834144,0.0,0.05521030236986397,0.010019951364487776,-0.03005414535111918,0.021709275017586908,0.015215256916291556,0.034735489581997334,0.023825451266082525,0.001472435321476615,-0.003204546562995436,-0.0003001887876500379,0.04119363829362917,-0.024062539502745305,0.06886278856350982,-0.0120415682218683,-0.019025709806485252,-0.01009845988606374,0.06251488378776117,0.007175089771014194,0.020150589340673687,0.06038531123947765,-0.027186882584382364,0.01400081014021505,-0.00864320390766446,-0.03876522335237383,-0.0015231052919651052,-0.041477210034717694,0.03451560139075112,0.04788685900522537,0.024336174260808988,0.002202026327722785,0.006759581440998376,0.04447221964490125,-0.019512205490334146,-0.017993400529237445,0.053109337414005635
60,0.03209079332523118,0.023597808971722117,0.08516807351618255,0.0,0.0024597773448914377,0.01990455251476401,0.035638152323577164,-0.006703150516644331,-0.03061872239485362,-0.037629141228657875,-0.008987537823756355,0.03414037895367481,-0.057898813890423735,0.014003329987191847,0.040239016586882184,0.057351276428110144,0.00956532119120075,-0.043294401387171305,-0.028786084477566157,-0.00401416858010883,0.040077081116744344,-0.01827420927777554,0.04151692823134102,0.0007936423331341216,-0.049899097840472,0.0025688316354993976,-0.044627276756762306,0.05998687767047883,0.010012702022484065,-0.003213944867972743,-0.0347489075992715,0.003369371364282556,-0.0005998855819891024,0.036387521552430566,0.016593836614439268,0.03530155850214841,-0.024725704283699298,0.016116032867861684,0.025040373118617086,0.04602345047006747,0.027777672730837463,0.037291853867661866,0.05813767498744821,0.015579104500408676,-0.03642681252766302,-0.05313764660414133,0.0,0.05694267382947926,-0.012591913229732113,0.03861528923698932,0.020123977840639073,0.026662385729783578,0.007095337491985529,0.002252686314575349,0.030598544011728398,0.009455022082156978,0.0011196503452361069,-0.011997454248247611,0.01550197027834144,0.9999999999999996,0.0,0.007929334620307238,0.01618348686588205,0.002589749837022214,-0.02076826420631797,0.022831061409136103,0.0,0.019440101880027375,0.030039746889206954,0.03183737963388182,-0.006137306179199864,0.037661159593564135,-0.02653895073937341,-0.032798215823048024,0.015949043556192703,0.01203441230738407,0.0,0.014155623611962693,-0.0445839971535269,-0.067558453723131,-0.002234924264871816,0.005197722482846887,0.05878478260497582,-0.11535561392076485,0.002822277169657724,0.010060638165835849,0.004863269023297852,0.000622940646611686,0.0,-0.08853154996957864,0.009911212697086384,-0.011395623810060908,-0.039985686441327176,0.003683776204321432,0.014901705345495817,-0.0025302438065380735
61,-0.007596068062173313,0.022451690764551,0.0,0.0,-0.02702689361384536,0.03456125481691756,-0.09101814459861485,0.017354333839750342,0.02582793421678109,-0.01689767222367765,0.002218238390646953,-0.024674009540943224,0.0,0.017847742255088263,0.049464409757685734,0.0011288353980332337,0.03715365133872703,0.031094219647626296,0.0075927762140643165,0.09108512663802096,0.0,0.01066860856264143,0.045709721527964285,-0.01948248844353873,0.03150239320186824,-0.0012186621491678956,0.0,0.0009909647618957709,-0.0010827914928704385,0.0,-0.013885097389884664,0.0,0.019538681421287167,-0.013063580865982893,0.0,0.01783380036479652,-0.022287607694811962,0.017826155724884933,0.04247464578057773,-0.00629486317990083,0.026490067617114144,-0.000684483373849925,-0.000989333133250621,-0.010992344063076656,0.0,0.00252486613514618,0.0,0.05436353360162435,-0.0380974974486887,-0.10386294673363872,0.08805734315626844,0.007868679180857905,-0.004691668219466933,0.0,0.0,0.0006292937730746803,-0.016487923143646478,0.04241054778191943,0.0,0.0,0.9999999999999998,0.007333748121286895,0.028946395406917683,0.09576954339029335,-0.032483063725023284,0.11359387411395427,0.0,-0.07817900649614638,-0.003329134092072649,-0.013532851933397112,0.03658651302605008,0.06218624424058799,0.012737528885403275,-0.03058728857763247,0.0,0.02339670598888883,0.0197853622461603,0.0,-0.0645322201577885,0.03489773161818459,-0.07010719258921687,0.0217824267865528,0.017977952150169382,0.028654136459520876,0.10598829971891628,0.021400521592160656,0.03405671497616407,0.0,0.0,0.05041582511387677,0.0,0.07406178906059878,0.047451861921798955,0.0,-0.013577573311154244,0.0
62,0.01702896504687587,-0.011740894199846657,0.006567045117835868,0.047638929354876895,0.009777423061397094,-0.029268487311996313,-0.006008903804714226,0.06912736645083811,0.015002467879410564,-0.01404476994174104,0.044292275032280115,0.03894264218147066,-0.022967212840360254,-0.0008918921466187866,0.03745317330406722,-0.012313635291228005,0.021847632275155127,0.011867865063044323,-0.005961430899220566,-0.0009967608105514248,-0.059551849782686926,0.036895957533487504,-0.020449834527613002,0.05978713632519225,-0.003960499144332741,0.04224876734773572,0.05030659385655959,0.08669576849113539,0.010919357426473314,-0.010200143032879947,0.014590297515603375,0.034192188935273975,0.014274472993758067,0.007324725761716697,0.0658569307793873,0.00912549530360347,0.009883444686855484,0.04509125831452141,-0.004591339502665393,0.036753445300861394,-0.017439348333122127,-0.06311759725101435,0.058501466983575875,0.03688185601309701,0.008456917284816338,0.042413375986505276,0.03866579622872781,0.02984336851959553,-0.002760313166301818,0.024908410731361567,-0.0034369235175873308,0.025375414079289296,0.05307075870380956,0.012571831428007076,-0.051244332721917404,0.06249063052389928,0.015637612572924328,0.051351755428800945,0.05521030236986397,0.007929334620307238,0.007333748121286895,1.0,0.023317695921627902,0.0729705441520821,0.06154776369278685,0.009818684233642416,0.037390143203965796,0.030626194512563445,0.034585180664615384,0.02594993751573035,0.018738706946086127,-0.01536165225185769,-0.035041268374811134,-0.0210702328584113,-0.03419278869024531,0.017678833158947693,0.007943080352791147,0.05108454160872903,-0.002464331006252437,0.01777586546456087,0.03348556951031195,0.02039440986206631,0.01807982670805598,-0.0017715487788216642,-0.008517066644421055,0.011104611705295545,-0.009722820062113068,0.07357356797722878,0.011716545680785954,0.057590103906434306,-0.01996316356755006,-0.05569393666588782,-0.014243354582299961,-0.007324461660612574,0.01776015235128795,0.12059556810997865
63,-0.008459221663364947,0.028665356184265557,-0.01021032504081873,0.007783403052423583,0.05920148633200435,-0.04275765486961019,-0.017431349656943457,0.06698020698649745,-0.031040648311112726,0.014524857614445077,-0.020694509334267697,0.0,-0.004382362476426654,0.16365579485575263,-0.013476350033350036,0.07719214714447412,0.04648090581730186,0.020750110692770562,0.06906849183181343,0.03640021941924267,0.04365557387542085,0.08316383780766788,0.041645602697550674,0.001832369352478054,0.04261601171994386,0.02045247670067339,-0.002974325332888727,0.04515364906512401,0.025351460447037316,0.004750720469590239,0.0010241531453192155,0.03982456830401936,-0.0011452049291521028,0.010617436378516712,0.02232214868562838,0.05205221179884772,-0.008978396042492254,0.008562951192060141,0.17629716999142953,0.01941741375544373,0.010331033715481542,0.031371933007774085,-0.022324988324034165,-0.02622604902084459,0.02682762964049108,-0.004069668250866722,0.0,0.09746211895984125,0.004159724873042664,0.043105417473215515,-0.03210024618980763,0.05979778677487082,0.05336929306577982,-0.053848067096333704,0.06362847629757777,0.016099991223347043,0.0781360811997159,0.04824883004760667,0.010019951364487776,0.01618348686588205,0.028946395406917683,0.023317695921627902,1.0,0.11843064254556246,-0.04660314320269496,0.029842245604501074,-0.02443615850665942,0.01778988407631782,0.03857027041347895,0.08464784552488619,0.009394583035458358,-0.047477376692087306,0.039516704499295896,-0.05752179380163408,-0.02263628605751674,0.028775347005010773,0.26359041447745757,0.06743285805950429,-0.00047823129901541873,-0.007816104683594534,-0.008134412416123619,0.05622116462849773,0.04059436868976507,0.04208034758370885,-0.02703084192112017,-0.00951419773874013,0.010019453405248535,0.023218455188914622,0.0,-0.019904422753025272,0.0029038523960723695,0.040627931163517726,-0.00712222663909978,-0.0018890015647070103,-0.007657236003773885,0.021010101881274147
64,0.024368641383043812,0.05736243229251661,0.037922546786417065,0.09250672048565389,-0.008326357133899107,-0.07296755780851819,0.01279759857016723,0.031521511667608165,0.13052419636323892,0.025096713318430927,0.0618313681792459,0.043175836742498155,0.07044375336700026,0.05692179224456363,0.07033674248917658,0.00027434633176888837,0.06577962966443461,0.07880349373422979,0.11162286027602952,0.08049767015838119,0.05084206019542363,0.06887708650655607,0.04002701417476855,0.04851711591932127,0.024264042156704326,-0.037203698307030714,0.032514296674207334,-0.03188337356593467,0.020887072307252057,0.050004679298962434,-0.0007721164316288136,0.03145374449742781,0.0198576995937614,0.01741843307853579,0.016695698753407418,0.020490373045015657,0.0023136116863706154,0.0,0.06805841650184362,0.06868337628881711,-0.020079385893076833,-0.04207760146267453,0.03270016925492998,-0.029625130554931156,-0.017579297820066613,-0.00981808704569984,0.0,0.11358963667879855,0.007031251315245487,0.026253426467151852,-0.0283342507839113,0.08513976736092697,0.010244267594192003,0.0,0.0829195135164188,0.04343504867748673,0.04803768770892933,-0.02079057274789732,-0.03005414535111918,0.002589749837022214,0.09576954339029335,0.0729705441520821,0.11843064254556246,1.0,-0.04389172803159909,0.275791463084787,-0.03875536873867286,0.03129448400828377,-0.01330512724316393,0.11353252955704245,0.1553562521556212,-0.016081543684197584,0.12173006341361538,-0.05567424344795981,4.5297038015959416e-05,0.12753635405246566,0.1852708049414751,0.022602446133979368,-0.0019829811115372807,0.07969336240904114,-0.04939792399418477,-0.004407269889092467,0.006748959760965979,0.07104639435273374,-0.08762290112400832,-0.0064586450898360855,0.10020221062829751,0.024847077592055414,0.01925846774483708,0.09530394422446734,0.015653031918125126,0.05218565961916627,0.019874279368050193,0.02379562133879645,0.013376465222249615,0.031149136160066586
65,0.03670826048550124,0.06359301820426345,-0.027326430724053725,-0.04024271434383013,-0.035382252208502926,0.055640769378371764,0.029398758248996237,0.02063277806986572,0.029119721019370583,0.039430410390053856,0.03139650546367437,-0.008750138670408423,0.04075991489740703,0.07761712026727192,0.011661407331170097,-0.03057261619274177,0.0015720779475710631,0.04874149311488771,0.0585694976319376,0.02767534617034733,-0.011081263659918746,-0.042912290468230446,-0.027408796431105255,-0.07751769853317457,0.03801881279580067,0.037104924852253564,-0.0016419500604253293,-0.027471396214108428,-0.025063989576756384,0.014974472793851997,0.0687740610512716,0.06676367422865051,0.056160631624156986,0.018215999164936457,-0.022435558107139115,0.051715354023264735,0.10725325295074235,0.03428158383106217,-0.010661035723675927,0.04151117990362263,0.032604297393328645,-0.0044907131936441965,0.09359864580491846,0.07897463526545405,0.019143038860587793,0.014591585258581752,0.049242638008628686,0.08264106125632056,-0.002039688500678663,0.042987254155490484,0.1687998407450291,0.01627445386336499,0.004273613766479805,-0.1069415839319052,0.022988255794832747,-0.00461092306357019,0.024287693964512372,0.011003549640787173,0.021709275017586908,-0.02076826420631797,-0.032483063725023284,0.06154776369278685,-0.04660314320269496,-0.04389172803159909,0.9999999999999998,0.010230075249641,-0.04939675918869771,-0.04676855108422036,-0.04050408825120605,-0.0242703778388594,0.05197712486367566,0.11614426224443411,0.07379367342070947,0.033479917401541284,0.021505999172700095,0.0006892936683965661,-0.028302596345608257,-0.047519232625644926,-0.023696368350244492,0.02889027987534005,0.11452735587546291,0.1314069135899511,0.06997787560214257,0.0041443957023036635,-0.063127751494253,0.03244540006558803,0.05229510003537667,-0.03500388424695097,0.041294882146912855,0.0324428989969508,-0.02249071033678079,0.09280302958406268,0.0414127358630033,0.048038302998589,0.015234457557560647,-0.0065852392971502615
66,0.10934785057423575,0.11458719903866867,0.03443975142929048,-0.052471772286287376,-0.05787998490971625,-0.03946757905970182,0.0025355888223063047,0.082563137033351,0.1456380052372489,0.031394365977792923,0.05836720087834213,0.0,0.08493912984952734,-0.045805231545582775,0.14706486737800686,0.0,0.0890008635812731,0.021182169675293558,0.060169190061942004,0.13663949503889186,0.0,0.052737493586913174,0.036322684688971596,0.019765136175235964,0.056541726591112826,0.05855123138729796,0.013616170516649291,-0.0047335695997041405,0.03920713049652524,0.027920937745729228,0.032095638292698,-0.007805652095807204,0.0392414330844468,0.0678379398131182,0.014885638198784823,0.04611961460302449,0.013826214337881818,0.008299032271579871,0.05453551478581742,0.012349707162616321,-0.019079926501696633,0.05607589362306538,-0.013291244304434752,-0.0077246526626464015,-0.002894584619575055,0.0,0.0,0.11914483587861203,0.11392710696924882,0.089733096605939,-0.026404530593691366,0.06213456042392744,0.020660625547325798,0.03274222641328249,0.06944921777088933,0.03586663365673214,0.030330210953131792,-0.014550882768191479,0.015215256916291556,0.022831061409136103,0.11359387411395427,0.009818684233642416,0.029842245604501074,0.275791463084787,0.010230075249641,0.9999999999999999,-0.1243891647219509,0.0024962559276731537,-0.030118124294659814,0.052812420006758586,0.18904378440987446,0.0044596662056080386,0.10741024492137427,-0.048749491771630626,-0.04837709663173383,0.04762697289544806,0.04747546778221606,-0.025159349947337414,0.0,0.09740388955202431,-0.03766657383025263,0.022184375315115492,-0.010470904816966234,0.06286308654058306,-0.031204073644596667,-0.008010127238771878,0.11194099362059248,0.02045643955051866,-0.015121804532475993,0.08946809021496652,0.02622038592258021,0.06542799283748121,0.009437484715088998,0.06610122202354483,0.025572566377003076,0.00122118494916512
67,0.03724796721130348,-0.022233511384851773,-0.007865855193763756,0.03247216765449419,-0.01251737179908863,0.09016542162123052,0.020494625860014486,-0.03556897061731418,-0.006721309960185069,0.0036924770031564226,-0.01947052146995438,-0.030727900680713134,0.005185136911790478,-0.07774496857648769,-0.012510382691106232,0.0,-0.021940526133521224,-0.0027477587977062807,-0.01934794969332875,0.004223220053844533,0.0,0.025803449185968486,-0.046757277142842835,-0.028125106357053876,-0.0075226674751016735,-0.001812509432018463,-0.014478615698322395,0.08452683674224397,0.013105090006571743,-0.025247851109340545,-0.014399244091508652,0.06662596164693457,-0.03859997883752019,-0.02612036899222763,0.051164485420670903,-0.04756871680883339,-0.06254661264241841,-0.015186869065368595,-0.013580033769135323,0.00888598386251863,0.021411478764185296,-0.05304043295983859,0.00555039855113372,0.01272792770386047,-0.029602977492616533,-0.0032426156993204456,0.045038409114629384,-0.051144324308254385,-0.06540012971618028,-0.08555757062834822,0.050731201039846255,-0.01856508974663172,0.019307047123454647,-0.04038567578712337,-0.019607228402642052,-0.011496328927376781,-0.03841928121257322,-0.008758009445758773,0.034735489581997334,0.0,0.0,0.037390143203965796,-0.02443615850665942,-0.03875536873867286,-0.04939675918869771,-0.1243891647219509,1.0,0.0013564172388230327,-0.03025364257783025,-0.025723618513095674,-0.18972532039584605,0.03355218475886217,-0.021290713531560684,0.06071317531445166,0.00046297989522439453,-0.0030063399996492074,-0.0553274394307178,-0.0008027035121753838,-0.010002389836393519,-0.06528411723448588,0.08004632248288614,0.0038400690516017816,0.02341408337828483,-0.011249248162803708,-0.05931316521373202,0.01777290584864789,-0.011529395014712587,0.0762770357514333,0.054733659920594056,-0.032762592388948894,-0.0022528337184183206,-0.01007271180816965,0.04318291960352424,0.024110869908042835,0.03721107438682353,0.04434848177282801
68,-0.08080050690052318,0.0067159928053167955,0.056450961922459575,-0.01171924501803313,0.00969184251751989,-0.010040431686374463,-0.009344082708683626,-0.025187522276398606,-0.02230422128663731,0.023512522690519965,-0.02045433137304461,0.0038711078616575217,0.003142093581209906,0.031071663413844493,-0.02141739873537522,0.0063009962364834905,-0.01570505985014812,0.045043671549018637,0.019982731226808666,0.007307567777420842,-0.0006540391625783563,0.04798663347867658,-0.013159099794724894,0.07046195943626772,0.01907519143532181,0.0193976594190653,0.038405292726729684,0.09136404908445606,-0.034517040255656564,-0.0005502325003435204,-0.008774929331987383,0.038494573786429655,-0.015518717665240742,0.043895306660635874,0.04946197982820978,-0.04139876648793603,0.03463403081060194,0.030040805101828827,0.0840798646440149,0.018689231264088772,0.0031170220481886515,-0.004012861769525643,0.07747247335011401,0.02452300615406546,-0.01240006541040655,0.0,-0.026451448141264735,0.015270012660112105,0.03118954105879318,0.12243631047109076,-0.09686496005113115,-0.04465631007238957,0.012555609659131403,0.00036398418987961586,0.005018281596637456,0.009700218957140693,0.006453426288878569,0.012058039000295725,0.023825451266082525,0.019440101880027375,-0.07817900649614638,0.030626194512563445,0.01778988407631782,0.03129448400828377,-0.04676855108422036,0.0024962559276731537,0.0013564172388230327,0.9999999999999999,0.008008725513482466,0.028838755291303548,-0.05904063506810257,-0.05478213385352252,0.045705801799225065,0.019603783394081153,0.02074670874022212,0.01589127363716702,0.10115974357189847,0.0363902966066029,0.103448482792349,-0.005712855785891214,-0.04842981886335399,0.009993949103876262,-0.011894527126160986,0.022571409189316896,-0.012692485696498244,-0.05589535772611699,0.001797481018748692,0.049036950299290116,-0.06410364170107985,0.045682801736770154,-0.08933957270101817,0.0419351929842364,-0.011201645309974846,-0.05803638830372605,0.08842062518226654,0.01764814681341087
69,-0.021920508892983716,-0.02348223154163902,-0.017646413065375635,0.03979431570323805,0.05458843751603994,-0.036406760502131326,-0.039746143602199475,-0.010334180488026406,-0.04675874924116368,-0.021726012711874316,0.03674602210496339,0.02578179567106757,-0.0278009318870331,0.02032009936327676,0.0012629010200010525,0.013735652310987263,0.01724742615514766,0.003892922665698471,0.005728414398484658,0.0007053450959803309,0.0,-0.0011121782383476898,0.009250730407967048,0.060487228517681346,-0.03082789847403287,0.030146072214879215,0.008705282894663938,-0.031730860569343156,-0.0017956376710127186,0.0354360691479573,-0.0007442071196024113,0.029874468818899,-0.01234385700942024,0.002435226466968268,0.013107848662100331,0.014072882599396356,0.0006328329298758717,0.04189098693471099,0.01783676233315484,-0.0004822498243011392,-0.03004772032468679,-0.044555716795151176,-0.0060770332322255555,0.023956631248445402,0.006649366484374289,0.0,0.012617366877078923,-0.018781866365298668,-0.04090454685432805,0.034894314005416864,-0.015115916608758355,-0.0010712835925114003,0.0429280305363539,0.0,-0.01221951950951356,-0.09120785824524118,0.006516820916975237,-0.0059717061938042,0.001472435321476615,0.030039746889206954,-0.003329134092072649,0.034585180664615384,0.03857027041347895,-0.01330512724316393,-0.04050408825120605,-0.030118124294659814,-0.03025364257783025,0.008008725513482466,1.0,0.02996874320235917,0.0,-0.07085994082033514,-0.037949300622713275,0.014462573382531594,0.00017706437260161747,0.05842036888006299,0.028235058751811325,-0.029494143164812768,0.022298538159825486,-0.05143517846811723,-0.022935002770577056,-0.0317896566967334,-0.01548334057596804,-0.021153697418006354,0.044070988331669655,-0.0019752999209532015,-0.03133969926319496,-0.005013739741032929,-0.0033749711645541212,-3.890436420146649e-06,0.0,-0.0027624252428938723,-0.023884844646924804,-0.043204830987702496,0.02460318180621532,0.02312425475757593
70,0.004699538371516275,0.031014653736397398,-0.028331016949134345,-0.01327376715859583,-0.008148959922041465,-0.1009846958480135,-0.07896702106431727,0.015490452015302176,0.04430722284457722,-0.013907128382232464,0.03845662998489911,0.0,-0.018431266297870615,0.06781742488438991,0.060978970868625484,0.09986626453544169,0.046332921197727264,0.05606601876289473,0.0674298169156523,-0.013591531816369108,0.12942476549432405,0.08038059561876015,0.029549977548132718,0.08804733546141977,-0.027900799031098183,0.0017537396888508729,0.08681320680533489,0.021002198391336924,-0.07101806108464476,0.029750514868769794,0.003952796283987665,0.05401551854070656,-0.016652110997026376,0.015949238203297286,0.008319799434017578,0.054958495276432776,-0.007563723342281275,0.018292944808900525,0.21314106395665955,0.02776793004146281,0.001972497985425932,0.04872605693510486,0.07076405978379749,0.01968658107307429,0.004074533961886633,-0.01344243362258286,0.0,0.03228402546302005,-0.025858070875099608,0.05149705694025948,-0.01565891310421068,0.04750818371676371,0.05164444845805867,-0.013648160633651617,0.038590970277080854,0.017910583314794816,0.04214267580195877,0.0894276876891897,-0.003204546562995436,0.03183737963388182,-0.013532851933397112,0.02594993751573035,0.08464784552488619,0.11353252955704245,-0.0242703778388594,0.052812420006758586,-0.025723618513095674,0.028838755291303548,0.02996874320235917,1.0,-0.07138166910325504,-0.0659420760805443,0.059766386882244574,-0.022432415581117374,-0.005367740786000292,0.2204768270339808,0.13624123578570219,-0.014688548431017686,0.010988768782768606,0.005980241638394994,-0.030509693678474524,-0.0001475758725094055,0.07764763610635118,0.012578932397837844,0.03786810200366722,-0.10339336699697083,0.02217051385161179,-0.03249131857548001,-0.007920741211095176,0.05238258157794655,-0.05035617489146778,0.08121757625949452,0.032542482025713,-0.02652311272975766,-0.03230813257008017,-0.002019953149690789
71,-0.01456044371471009,0.04562280725072537,0.07160129993139659,0.040741387061868015,-0.029708658317476353,0.010625521327429244,-0.02984664038028241,0.06411200624620159,0.024815168363724792,0.022661796216540846,0.0558296188433027,0.06152161632659129,0.06779120339802365,-0.030912498319817017,0.072374229587742,0.008233748284612725,-0.003192029285379644,0.008577910650151633,0.021888763897370225,-0.07825425281606538,0.0,0.004702766036591562,0.044719827301041966,0.03230221232603239,0.08075255348095405,-0.022522626709738012,0.017968520674312642,0.045499291542219086,0.044220672376209566,0.013757853294158288,0.05264681588937503,-0.0645838110260099,0.06467091663328677,-0.01123008859294547,0.007472153337009658,0.05080334281173114,0.019933670999360886,-0.001211642085957071,-0.06261395912286405,0.03492728369153156,-0.03392716942284613,0.08685162252260191,0.014311150932609783,0.04625019306674912,0.004093971945379719,-0.031571013927184,0.0,0.10829034081836689,0.025965964990437018,-0.006764372823442756,0.03999487147007887,-0.025114111108656894,-0.017774843345669724,0.06453404274889829,0.0,-0.021908960637878866,0.036430571101472124,0.00914516505766541,-0.0003001887876500379,-0.006137306179199864,0.03658651302605008,0.018738706946086127,0.009394583035458358,0.1553562521556212,0.05197712486367566,0.18904378440987446,-0.18972532039584605,-0.05904063506810257,0.0,-0.07138166910325504,0.9999999999999999,-0.03342325303441689,0.03096978000217648,-0.044444619727432674,-0.005670152170107504,-0.01563767319492165,0.07108636105955844,0.02932647212058567,-0.03996375006712402,0.05505932303727118,0.011161481707545584,-0.052988710003585265,-0.0182608157457501,0.052370713207794455,0.07684918829982525,0.1055022268080673,0.06661567466689979,0.16130005961143837,-0.030135830740320977,0.029632346925860177,0.11694182082154449,0.07087441891623722,-0.012049162615054145,-0.015021545710100889,0.008906884266792784,-0.005214998767172631
72,0.10474027186566694,0.016644441597917538,0.02803611561953808,-0.015204737928947068,-0.012060059190268507,0.11682711694466882,0.030138185589904255,-0.01849166903978342,0.07185602028161611,0.001150513413569611,-0.036480387076474705,0.0103226166497589,0.03174736121783749,0.1321354495031585,0.07326895218645166,-0.04766246640896722,-0.07736930242149671,-0.0038008887743253327,0.018893376089469758,0.010315280739297711,0.05574027379386176,-0.028374066787393553,-0.004508034451226624,0.0001411049506681375,0.06787797455413275,-0.04228321270122059,-0.025043939110118544,-0.0003851818761513061,0.005026238528367508,0.04267006766670008,-0.03482757208353864,-0.02160851412147298,-0.012398214584214988,-0.035143862466913325,-0.024369889863270114,0.06170408302149013,-0.005674092531039348,0.040669449331153115,-0.015960159087370304,0.002502329558076907,0.03376118069628651,-0.009203680400861967,0.054820855436372676,0.05242766380918346,-0.07464484743994348,0.0,0.04990234435964793,0.024103089985385354,0.04229745489384599,-0.07575052748866971,0.018049562462121197,0.03770696441007025,-0.018337077268973784,0.0002729541256910967,0.006641015657696614,-0.057168413881796394,-0.02127448684219377,0.01706028182280768,0.04119363829362917,0.037661159593564135,0.06218624424058799,-0.01536165225185769,-0.047477376692087306,-0.016081543684197584,0.11614426224443411,0.0044596662056080386,0.03355218475886217,-0.05478213385352252,-0.07085994082033514,-0.0659420760805443,-0.03342325303441689,1.0,0.004750266842720181,0.014106479487539566,-0.05653110644304339,-0.018503708265434998,-0.014083927224305228,-0.11757568037594332,0.0,-0.05022990551126618,0.051806946695136656,0.049286732923270966,-0.005932011317294311,0.019744079165408032,-0.07855262850349837,-0.10745336200232412,0.008914545932714237,-0.01982002357329819,0.04847019597049053,-0.10450809660875457,-0.07774557341515784,0.003336990420450738,0.0292290413580155,-0.058396550222055955,0.013381800979386845,-0.03353768059812687
73,0.001094679426444655,0.056284984765173324,-0.01909726027065837,0.005566218764049238,0.0013754376489115167,-0.03169980318014761,0.10557488234256077,0.08620693096343064,0.08240455797769784,0.010742206728414678,0.0365449515634835,0.005961372863502381,0.09367488712021813,-0.025555756181611676,0.07490711349030099,0.029064912514250654,0.09596155650162894,0.15807224430798988,0.1244377964551484,0.12888324257577527,0.03752576322182739,0.16465354871226764,0.03289433326185115,0.02783845408660034,0.17357166242404534,-0.008156406423248963,-0.0027039131234684204,0.07397717710449145,-0.030758714170992102,0.030031712030223107,0.04768253866543963,0.029426099127957413,0.022487817675154512,0.06592771502675175,0.02472194710933099,0.059104455729423924,0.03411180415285233,0.001157738202432515,0.09960725645035053,0.054339144305742416,-0.01428133897802054,0.13933240754134324,0.00013519958499737434,0.047866513852134966,0.021557923652944084,0.015001084058968422,-0.000575251764142423,0.15335059865923914,0.03816792337841535,0.11239769532175918,0.030548305591169313,0.0725249566013221,0.1098340180813303,0.0033122652778211476,0.044450856384744664,0.00956360119672861,0.09552081494120615,0.11395223904527013,-0.024062539502745305,-0.02653895073937341,0.012737528885403275,-0.035041268374811134,0.039516704499295896,0.12173006341361538,0.07379367342070947,0.10741024492137427,-0.021290713531560684,0.045705801799225065,-0.037949300622713275,0.059766386882244574,0.03096978000217648,0.004750266842720181,1.0,-0.015855957473455477,-0.040216088569285505,0.036254501191684295,0.026371511956419763,-0.00502503945358466,0.0101546507875184,0.016989739162703618,-0.018343673548114354,0.07763692318750379,0.04411461546683419,0.1374314658696162,0.022232222216407537,-0.03641641313266027,0.10155272785265744,-0.01217601118970011,-0.005133199415531062,0.08745511002371303,0.06706730820656837,0.10286722284492703,0.1863222798373437,0.09588897653285132,0.023566718633878613,-0.01207949758723146
74,-0.07049147446031825,0.007080798006322737,-0.044910654836517544,0.0,0.04089796436996965,0.07169722333282724,0.0005185592556867947,-0.015863356201218974,0.02680333823217376,-0.0028070245844905844,0.011523373795683696,-0.013832432246182268,0.04648844819821517,0.0009176557747094596,-0.06040691005843161,0.0,0.01884257009774628,-0.03639593267966092,-0.013962147765027686,0.03564298214036501,0.0,-0.009756673848713733,0.014325049741490896,0.07130879092956197,-0.0008193990542372439,0.01971903978705828,0.006827255343748367,-0.004694923731730746,-0.010134845314148707,0.04511039743046182,0.013646617805422465,-0.005986321261963752,0.009679232591856383,-0.11169967231236554,-0.006060089361989936,-0.0032796822983659647,0.009619838791945456,0.0026994431592549635,0.008296882914069263,-0.00032943492589029746,-0.029011122543053557,0.027217647254239398,0.006704951913389903,-0.0351218648015131,-0.0035589173630122045,0.0,-0.03281891694799584,-0.011013297080923405,0.03248693417226261,-0.09411953837077486,0.008779806261736346,-0.03561024909329908,-0.000545032126571466,0.000171697179915567,-0.07769808840031205,-0.06249564769876656,-0.02790402155191227,0.03235136645598634,0.06886278856350982,-0.032798215823048024,-0.03058728857763247,-0.0210702328584113,-0.05752179380163408,-0.05567424344795981,0.033479917401541284,-0.048749491771630626,0.06071317531445166,0.019603783394081153,0.014462573382531594,-0.022432415581117374,-0.044444619727432674,0.014106479487539566,-0.015855957473455477,1.0,0.022106519635293743,0.05820138479969828,-0.07869065153947634,-0.07170361153745448,-0.012380730921115923,-0.00018324950736401183,0.09876081363866793,-0.035253494323748774,0.05436388662303611,-0.005142511290455938,-0.10475893272651324,-0.017376303539983862,0.0,0.01024870034916597,-0.0006597538010068739,0.08186684488099372,0.02877130102281037,-0.0069034766344029394,-9.492207923007269e-06,0.04414237346341676,-0.006370470506051226,0.0022976762340412866
75,-0.12516686092823445,-0.007666113910133484,-0.021407644203872957,0.0010116243820788757,0.010777924931767848,0.008526759943161046,0.006251973637196684,0.00916954502171637,0.030900762918391868,-0.022390286907810662,-0.02419711868591559,-0.01708532295983168,0.016030246580237467,0.0008732878051408555,-0.003631255860602836,-0.0034078584711068893,-0.002175198442034173,-0.031222871274341105,0.02879665758091992,0.016949654669467632,0.06894632204280067,-0.003964072447371904,0.024263544195277036,-0.01439656928743545,0.01780103711501875,-0.04400008755986413,0.023670733742062345,-0.004164491191139659,-0.00787482080882012,0.0060439391577357,-0.012501482633903082,-0.022402517454983187,0.02770581397766786,-0.0004958068833783314,0.0423482812620566,-0.00950325685692527,0.005181563377542411,-0.0074240561109584925,0.02073083428904695,-0.00025578254414779857,0.02846916779900025,0.007875700786639545,0.02628426327112248,-0.06458795100005885,0.02488620950793536,-0.027519908622030874,-0.002011106869967728,-0.04305566834034857,0.01576751452178307,-0.0017425929988808242,0.021292562163198796,-0.023392662870440787,-0.004908490533632747,-0.030637266527326863,0.029532934958324777,-0.007990116326888369,0.021371141009509105,-0.004942162147124891,-0.0120415682218683,0.015949043556192703,0.0,-0.03419278869024531,-0.02263628605751674,4.5297038015959416e-05,0.021505999172700095,-0.04837709663173383,0.00046297989522439453,0.02074670874022212,0.00017706437260161747,-0.005367740786000292,-0.005670152170107504,-0.05653110644304339,-0.040216088569285505,0.022106519635293743,1.0,0.013521142053994722,0.021317673995456657,0.06566707962395141,-0.01515888493294644,-0.08187464669789143,0.00043781720417329574,-0.00043259932353467744,-0.012528386319904555,-0.015781136717919763,0.026507866336038015,0.03589000232706151,0.030656040191999183,-0.0011694812848733907,0.024383514399744295,-0.015036551470270824,0.0,-0.00644896034507968,0.0355275267446331,0.007652512911724207,-0.020674267831856948,0.006697441957287994
76,0.009277810952598657,0.04843572651175444,-0.015288845901178984,0.01324181758096148,0.113166173642273,-0.11395746990592913,-0.024838542384705915,0.07548287381963192,0.15156499997119804,0.021201421435011844,0.08858195448976891,0.010295828812281102,0.04816823759887695,0.023105278248386485,0.035783341388915695,-0.005818925180615356,0.10261498694918732,0.014291930034986633,0.05180457323800982,0.0368017482066885,-0.005798404914117782,0.06149921364198896,0.025436865222349454,0.05092122702041649,-0.009864849978834325,0.02463576904386216,0.0909484538035766,-0.04790004061617776,-0.0002884393038985666,0.07283279772746701,-0.0004746869749996217,0.04898794397827003,0.00859885519089212,0.04805640324097934,0.024601569115461817,0.038844672803585396,-0.028739721694448238,0.07909240985125908,0.0867787746597799,-0.007309374490331086,0.01381702885373107,0.008687088258718723,0.03748736041954418,0.03977108007569756,0.010614364231398176,-0.038630592789118345,-0.047492040353434795,0.03376124377932545,0.01652190392648746,0.03606693669877893,0.035726193733301506,0.002031379400212476,0.07355340213862326,0.0,-0.021233736901960246,0.031346452867411244,0.10378127214490916,0.08414122474993496,-0.019025709806485252,0.01203441230738407,0.02339670598888883,0.017678833158947693,0.028775347005010773,0.12753635405246566,0.0006892936683965661,0.04762697289544806,-0.0030063399996492074,0.01589127363716702,0.05842036888006299,0.2204768270339808,-0.01563767319492165,-0.018503708265434998,0.036254501191684295,0.05820138479969828,0.013521142053994722,1.0,0.05484390672940602,0.03516249665837149,0.022032652899519216,0.03811224671364903,-0.0009950315023527865,0.02961009635450313,0.060352453829550415,0.031967387602183296,-0.00894196966852002,0.04355541075179263,0.019139612988697572,0.016279586757234517,0.008180260952007998,0.08685151122496407,0.0066488096289332825,0.02630025371411579,0.02237209009821495,0.051964810375095566,0.02215490448535029,0.03676814808622111
77,-0.0005271037176577684,0.022482488032222695,-0.03166856303849587,0.0,0.10826802903910389,-0.1315083124055012,-0.045947432091198497,0.04824742312150748,0.011074101745199877,0.01569388361969637,0.07804949548954104,0.0,0.0,0.1553537366243385,0.0467992067402858,0.05748816384503734,0.016089643079237895,0.06230772665703844,0.05769624171988144,0.028226990465712126,0.04343991654609083,0.12184830144159564,0.06393041693828652,0.028657603961061387,-0.049635833880663595,-0.026025175923745147,0.046417640663021044,0.02597982608316544,-0.007364737477371241,0.059786641825039524,0.0,0.0884351235951931,0.003135336981636654,0.0013614506571383617,0.03512256664791731,0.006995180694830708,-0.0359823927819513,-0.006677124037748588,0.18268124363124377,0.0,0.009226297673930572,0.012293453151132522,0.22135805550200172,0.03368481565986852,0.02585856460352784,-0.018308884277096857,0.0,0.03839068555368323,-0.004804111519562955,0.087427446523275,-0.06963439042228078,0.04152826315419381,0.046670256407093415,0.0,0.030333974516248422,-0.02616789020708075,0.11681970918149613,0.06850248219126899,-0.01009845988606374,0.0,0.0197853622461603,0.007943080352791147,0.26359041447745757,0.1852708049414751,-0.028302596345608257,0.04747546778221606,-0.0553274394307178,0.10115974357189847,0.028235058751811325,0.13624123578570219,0.07108636105955844,-0.014083927224305228,0.026371511956419763,-0.07869065153947634,0.021317673995456657,0.05484390672940602,0.9999999999999998,0.009419602339714978,0.0,0.024402940275646576,-0.06883602892539804,0.016038686964710072,-0.01003933216195722,0.025903884715923926,0.012213697024045778,-0.14955235093367564,0.021557980083680203,0.026427796765455803,-0.012715755412505327,0.067741871129796,-0.1822089400882925,0.06502989967120132,0.029037627801899283,-0.025679800025381817,-0.0559753464660711,0.002081514919489465
78,-0.014147587853810983,-0.004027735632795099,0.005278128994268428,0.0,0.05195053539611627,-0.002726368117185487,0.0,0.041256170943603315,-0.038166477295513236,0.011683943339181591,-0.031659732423335016,0.02268772033374712,0.02338855464941542,-0.030445103484694022,0.05590580787078827,0.012876041064976959,0.032435323946929086,0.019613882405011242,-0.0013229389645999564,0.0005835453933574889,5.595884861463185e-05,-0.017790254621454865,0.022789775653386815,0.023004641446550372,0.0010278453477884659,0.015786187071000983,-0.003390412275872728,0.04497310019134863,0.0,0.016979201463401997,0.00867315583295904,0.004270759805677404,-9.835287958609809e-05,0.011894640519983138,0.07377408393637737,0.0036088921269429304,0.03048726695630522,-0.018568398003548613,0.03785367859255803,0.023833242265402056,-0.011693281204258221,0.022575450127140163,0.00010956127127499053,0.016250912296526525,0.013596165719430876,0.0,0.0032631550021907513,0.025350486104984374,0.023732725402986446,0.04304982702553268,0.03741431510804304,0.025028188370320472,0.017024695887356785,-0.014117740337873915,0.018189186481821076,0.060186468764528586,0.031543494876847565,0.00719951603507943,0.06251488378776117,0.014155623611962693,0.0,0.05108454160872903,0.06743285805950429,0.022602446133979368,-0.047519232625644926,-0.025159349947337414,-0.0008027035121753838,0.0363902966066029,-0.029494143164812768,-0.014688548431017686,0.02932647212058567,-0.11757568037594332,-0.00502503945358466,-0.07170361153745448,0.06566707962395141,0.03516249665837149,0.009419602339714978,0.9999999999999999,0.006900032701919985,-0.0010427423118649203,-0.02887556488744618,-0.020662907061900895,0.010683441550916342,0.0016346953043343843,0.02983449128551915,0.0633306774599584,0.012718224975974468,-0.009247598613956791,0.0,-0.03481088379083324,0.088134298788106,0.013462185622718337,-0.0014213398128927947,-0.027719061453565803,0.026883426204398337,0.039711827442776244
79,-0.017047587675773926,0.02597732406604253,0.025271566065677445,0.0,-0.025681892489948104,0.0030735404930085095,0.03376652341740955,0.0022945115486619583,-0.001401726833198588,-0.0009498478049759342,-0.0038205667068024235,0.0668792750167378,0.020975119207503425,0.07262532850025838,0.010644380743374007,0.0,0.003063549501485728,0.011392780063875754,0.010219690759705781,0.015234195771537371,0.0,-0.01874475077306815,-0.008864500076724121,-0.002207081538362396,-0.003828417506487932,-0.0007824057401808061,-0.004033000437504354,-0.009463881422692319,-0.013529681354332558,0.023714412271652482,-0.021105689782494802,-0.056383420882724876,0.0067559552472218915,0.039515209660887236,0.0017296890916694875,-0.01801093855352992,-0.03164749591894238,0.007346367393509072,-0.0016541076773309987,0.0,0.0,-0.010286610791399581,-0.0015619731447892324,-0.007176581899907897,0.001005043473938422,0.0,0.0,-0.026638162149434232,0.06855780714532714,0.15975847529938905,-0.03659576487621926,-0.03426900336574244,0.03702020935850195,0.0,0.0,0.006232192345954054,0.0928031669907522,-0.0020862672521326994,0.007175089771014194,-0.0445839971535269,-0.0645322201577885,-0.002464331006252437,-0.00047823129901541873,-0.0019829811115372807,-0.023696368350244492,0.0,-0.010002389836393519,0.103448482792349,0.022298538159825486,0.010988768782768606,-0.03996375006712402,0.0,0.0101546507875184,-0.012380730921115923,-0.01515888493294644,0.022032652899519216,0.0,0.006900032701919985,1.0,0.0,0.0034225796944565186,0.01150922004005462,-0.01969820422406289,0.0,-0.029076232809068462,-0.012102965802208163,-0.023772988768715246,0.0017345017347455262,0.0,0.06205087845402499,0.0,-0.04614882963485213,0.000478509132776939,0.002022770002575054,-0.002511166101905718,0.005518703317218323
80,0.05736000909252134,0.0895821371507575,-0.007420854656920647,0.03001728432247537,-0.02876256676328686,-0.002368835826507187,-0.03682889339488579,0.07064375003872977,0.028499479149659102,0.05823056992053747,0.13112359066837037,0.0042230958573104905,0.01459577029291869,-0.016125993648866584,0.06153687534571044,-0.038139205367114834,-0.005591344251802851,-0.005302119072708498,-0.010630754535907885,0.045877704026447946,-0.05367428563582209,0.045995577916197905,0.01701667836677232,0.061134859752688224,-0.032114735574694825,0.036241093856134145,-0.0019580441226684986,0.009013698205285681,0.024243185816309208,0.01259907817996201,0.017745030201547933,0.023401550762255235,0.0060680240820161525,-0.007377894674377293,-0.008329146392173366,-0.003212831373929123,0.009176254178682085,-0.03075847176159934,-0.013946062392517784,0.00750902166367197,-0.020267654771849046,-0.012291414693909203,0.009463358973228909,-0.010951625096485599,-0.00897281188949678,0.05274957953667443,0.0005195486404038843,0.037293473966740875,0.04502180765303253,-0.002114444650719035,-0.06018914909316815,0.006680502850317675,0.010462776064984101,0.0628155193133842,0.02022864816491282,-0.0069054198499646745,-0.012106204462345739,0.027355570397737564,0.020150589340673687,-0.067558453723131,0.03489773161818459,0.01777586546456087,-0.007816104683594534,0.07969336240904114,0.02889027987534005,0.09740388955202431,-0.06528411723448588,-0.005712855785891214,-0.05143517846811723,0.005980241638394994,0.05505932303727118,-0.05022990551126618,0.016989739162703618,-0.00018324950736401183,-0.08187464669789143,0.03811224671364903,0.024402940275646576,-0.0010427423118649203,0.0,1.0,0.022695075896276777,0.08536928040652256,0.005008368030570451,0.06023608728662492,-0.026682137944643664,0.06165282502292693,0.0070886321103836025,0.0054714982557705,0.07175760460400574,0.07338995740082412,0.02960354305194661,0.01660173286187825,-0.06627583025221553,0.03576258541333152,0.006475062310364644,0.010980328717856312
81,0.015294441227236385,-0.0012675438929388209,0.022547904173547715,0.10433000574501286,0.0015989914126145676,0.1081730215453803,-0.001957076213006435,-0.015912083420884883,0.03181436115789952,-0.01461598004275054,-0.030687982604051093,0.003071147841456158,0.010296988175347726,0.041077561028923695,0.0018701404549922532,0.0,-0.009635540112117008,-0.007689868834830891,-0.025454496490435567,0.017884996972064093,-0.04964995403109478,-0.014840241134413654,0.007636637771050617,0.053302043829323104,0.00630502592226573,-0.05640459319682873,0.03445244701597796,-0.0030159364174255077,0.03488888826105119,-0.020808765797488145,0.03330114878355122,-0.024654628028359035,0.014186427429714207,-0.01912277218279123,-0.020850575631340372,0.011610089301685014,0.018917167173213005,-0.019468367848509957,-0.010290470719464193,0.02435600607226786,-0.02551219928062339,-0.03123616862710696,0.00690556799925218,-0.0006424168162883449,0.0028637176442174533,0.0,0.006379476084783116,0.013567255888143906,0.0005016537419559697,-0.08457084696112763,0.02705430572492865,-0.07777608791295225,0.023208472624025964,-0.010808326237299309,0.005511785193502268,-0.02478068019989938,-0.029931128162680207,0.021624834526583675,0.06038531123947765,-0.002234924264871816,-0.07010719258921687,0.03348556951031195,-0.008134412416123619,-0.04939792399418477,0.11452735587546291,-0.03766657383025263,0.08004632248288614,-0.04842981886335399,-0.022935002770577056,-0.030509693678474524,0.011161481707545584,0.051806946695136656,-0.018343673548114354,0.09876081363866793,0.00043781720417329574,-0.0009950315023527865,-0.06883602892539804,-0.02887556488744618,0.0034225796944565186,0.022695075896276777,0.9999999999999998,0.007269292446827021,0.02767102714185886,0.026749125184869705,-0.06913267129430033,0.02854610474581172,0.017457409166861997,0.053806580774384244,0.021711549037024967,0.002746242656156875,-0.03238989822416728,0.030201213183886674,0.0014839801131705118,0.006217854156120562,0.017071477209438517,0.13699191242548012
82,0.052642684141822105,0.1670021154444276,0.003251204621029622,7.78703373551908e-05,-0.050044369923933615,-0.011924637679606111,0.2091285923741127,0.1099765016966523,0.08008448428626727,0.055788529742108676,0.06826806285463405,0.025679090689433675,0.07035563470302436,0.10164385885073071,0.12790654559176992,0.01698928383037075,0.09870631229226769,0.03653644560576064,0.021555252849953743,0.10512188616633972,-0.0010804905473701708,0.04946334539034225,-0.01949121936379277,-0.04319412485630962,0.04237686609027316,0.09594910982763379,-0.0016613269027974911,-0.04621821675840583,0.050786138823652356,0.002082151803277199,0.038751997179467854,0.1203790006570288,0.030238919906015037,0.060170317824213476,0.043202825444161,0.013316917013570033,0.0667418449171768,0.044625247606937146,-0.012767677213611054,0.023018890977523576,0.06087877031324691,0.07530932080979302,0.0689972479943945,0.045378375169441744,0.024269669542115256,-0.01675042502373532,-0.060557750250414884,0.1467918297617815,0.014563549611510875,0.04475638508174714,0.13398878630597894,0.10604086822722836,0.08218752483227865,-0.024042193803826394,0.1631785907763634,-0.07055214725321708,0.018518451180398562,0.10863353558101688,-0.027186882584382364,0.005197722482846887,0.0217824267865528,0.02039440986206631,0.05622116462849773,-0.004407269889092467,0.1314069135899511,0.022184375315115492,0.0038400690516017816,0.009993949103876262,-0.0317896566967334,-0.0001475758725094055,-0.052988710003585265,0.049286732923270966,0.07763692318750379,-0.035253494323748774,-0.00043259932353467744,0.02961009635450313,0.016038686964710072,-0.020662907061900895,0.01150922004005462,0.08536928040652256,0.007269292446827021,1.0,0.038222063567411355,0.02278019464574851,0.09216665608337833,-0.001288930420302707,0.10801345335527641,0.01845286132946515,0.04534733658633579,-0.010657268276589952,-0.0008025634174044574,0.09874443780456507,0.029323221539571554,0.14316686912335272,0.0821371831287165,0.015071006138971728
83,-6.0056132425632914e-05,0.011250820298670434,0.018116392569597416,-0.01658673722499182,0.011018906313914084,0.06783378043607863,-0.003464546459716958,-0.010245590977816344,0.03324695562256353,0.0756795307958048,0.01598140330844274,0.0,0.03979625231554771,0.08715337881012478,-0.006751361770677124,-0.05183005552665604,0.02411427277539381,0.13345793685372065,0.057887832929350846,0.009633020379118352,-0.025770959052465302,0.07120069588385813,0.034631681475542526,0.019253235147867052,0.10231388096341608,0.01672262494171497,-0.03279350137994278,0.015117463463940911,-0.012512890628250072,-0.008415240778702591,0.011915288523307154,-0.002720486602408239,0.018482067009629444,0.06126416078374109,-0.0005498663321062726,0.0013390839122091342,0.048483880139806174,0.015080997903247793,0.0840641074481763,0.06472265977033115,0.15737628312943164,0.0690754375602365,0.05383687248864215,0.12284384499304477,0.07055687927185252,-0.03712005524613618,0.0,0.14641356076403123,-0.0019265651459549858,-0.004905871439894719,0.03228297311835098,-0.002935718022027616,0.07178496417862917,0.017375757785250696,0.013487353012610599,-0.013309009460981305,0.008690654725320213,0.04835207412451516,0.01400081014021505,0.05878478260497582,0.017977952150169382,0.01807982670805598,0.04059436868976507,0.006748959760965979,0.06997787560214257,-0.010470904816966234,0.02341408337828483,-0.011894527126160986,-0.01548334057596804,0.07764763610635118,-0.0182608157457501,-0.005932011317294311,0.04411461546683419,0.05436388662303611,-0.012528386319904555,0.060352453829550415,-0.01003933216195722,0.010683441550916342,-0.01969820422406289,0.005008368030570451,0.02767102714185886,0.038222063567411355,0.9999999999999998,0.010644052291303127,-0.047331985014628535,0.003222320566608438,0.027991799417119066,-0.011245567868082626,0.010516265258101795,0.0005184274480615498,0.011093542445911637,0.054788076873021285,0.1067414202711472,0.01017158083376743,0.03666992267761307,0.0013721380019719011
84,-0.0340029769657393,0.07461640873902202,0.16700456582035664,-0.05273714082653905,0.02026952877730982,-0.025144848012406455,0.03018888301851719,0.037681299250095224,0.03671434444006655,0.09613191804294066,0.028588821283867638,0.03256230500423603,0.20450706071769031,0.013374461189148805,0.137639530647142,0.0,0.03148759956046981,0.10576591734406157,0.030389664504117373,0.09848453396777478,0.04686489984615039,0.09057440567213886,0.017282219140165474,0.07029385250195833,0.06644228599941489,-0.03265878251507486,-0.003746355014302481,0.10167987775751355,0.047322032990935264,0.0211418414639713,0.010113371668219108,-0.02050027811012358,0.05521138596088676,0.01730748983560177,0.05846705911127903,0.06613265143965692,0.003969857427024293,-0.0053971198789525675,0.04560028436738871,0.0752839245980473,-0.020832617375713066,0.077188745179395,0.007203092732584331,0.10148319352778735,0.009830226325866387,0.13273420490562443,0.006388160903753925,0.06310446705632122,0.16996973854256214,0.004774541606165306,-0.0028577148322306576,0.1771841672668844,0.04392369732638207,0.0010919637144302706,0.017371152050905954,-0.005690321575154878,-0.08650284476192274,0.01575330290254223,-0.00864320390766446,-0.11535561392076485,0.028654136459520876,-0.0017715487788216642,0.04208034758370885,0.07104639435273374,0.0041443957023036635,0.06286308654058306,-0.011249248162803708,0.022571409189316896,-0.021153697418006354,0.012578932397837844,0.052370713207794455,0.019744079165408032,0.1374314658696162,-0.005142511290455938,-0.015781136717919763,0.031967387602183296,0.025903884715923926,0.0016346953043343843,0.0,0.06023608728662492,0.026749125184869705,0.02278019464574851,0.010644052291303127,0.9999999999999999,0.00014469932159568962,-0.07433178937577598,0.14761222802149085,0.1238705499078726,0.0066822004313367616,0.02385549485102701,-0.005246749499148386,0.04628972059238397,0.12025573984631495,0.03175472513941928,0.06748881895587955,0.0012523524306242081
85,-0.03250198486058069,0.00959154269202418,0.005095725487078694,-0.023592774326821143,0.021886363172930013,-0.06488963776120356,0.026222425500308837,0.023185161721194544,-0.08114948367226442,-0.03808984177084478,0.030690543556827328,-0.038222824446060295,-0.009819317644813816,-0.012523126906508317,0.042259013889681715,0.04623784416318664,-0.005063745343249347,0.005067004962433383,0.08145788977736942,-0.037223111322476,0.0,-0.030522921543499424,0.004374086980816143,-0.012155495419727503,-0.02653333321219334,-0.017113478472976854,-0.0037740010164969313,0.04173990898049805,0.010733728991770832,0.07313454356583533,-0.0014954637938776566,0.07195060410677714,0.010333185262826257,0.02540720130048165,0.01490588488876224,0.02175683920481039,-0.007688429632619592,0.006152524699828481,0.043862345599915885,0.005721869787704115,-0.04514353030406326,0.0016835401926751084,-0.005575526943272728,-0.0053750544191676925,0.0005175931583467201,-0.028687985035994408,0.0,0.028364945515727075,-0.00931231727961334,0.045180863515891206,0.13478517658404413,0.040007044320953505,-0.01085605949853713,0.0,0.0,0.010675823223849173,0.014637102683876028,-0.02068404879490259,-0.03876522335237383,0.002822277169657724,0.10598829971891628,-0.008517066644421055,-0.02703084192112017,-0.08762290112400832,-0.063127751494253,-0.031204073644596667,-0.05931316521373202,-0.012692485696498244,0.044070988331669655,0.03786810200366722,0.07684918829982525,-0.07855262850349837,0.022232222216407537,-0.10475893272651324,0.026507866336038015,-0.00894196966852002,0.012213697024045778,0.02983449128551915,-0.029076232809068462,-0.026682137944643664,-0.06913267129430033,0.09216665608337833,-0.047331985014628535,0.00014469932159568962,0.9999999999999999,0.02682706751837468,-0.01462277525912178,0.03684267445078958,0.010149482070519708,0.01282921066826554,0.0,0.06269690530103057,-0.010956636130458964,0.016821968107480018,0.03742810754880306,-0.007931973684234756
86,-0.053852199104234014,0.03348109394400815,0.026978324840608643,0.03395368718332521,-0.07311352070676685,-0.04163241763190612,-0.014557971081654558,0.03576064292230153,0.01005682160062096,0.022316905326574255,-0.024274812422504125,0.0,0.016228068293113324,-0.09188090683324548,0.05036948077638753,-0.023679524797767255,-0.003731037748090804,-0.001495960796243109,0.010625626550240857,-0.0024565552929776426,-0.014441177691146268,-0.057887325510287385,-0.015134760188597801,-0.009753912679040806,0.003766423718061282,0.007217820491178328,-0.020570617424860736,-0.001763929503922259,0.0015602617956281123,-0.03761044839072313,0.004429236517804979,0.06509064941987283,0.00632347164041577,0.00020295928422989803,0.02454263075827894,0.00742383925599576,0.03786575373858376,0.03830208496084641,-0.13249448695580496,0.009657921664486745,0.03967856794512872,0.015440888777584254,-0.060951038340606785,0.023681606718070927,0.009416745809640841,-0.04394419700467952,0.0,0.0393322016313634,-0.06621069085330353,-0.020700717310511516,0.007064221901166108,-0.09592643435299811,-0.00624202025767279,-0.0006117954122654253,0.02530462924195357,-0.00647198171289008,-0.016099806139739298,0.02218966634796764,-0.0015231052919651052,0.010060638165835849,0.021400521592160656,0.011104611705295545,-0.00951419773874013,-0.0064586450898360855,0.03244540006558803,-0.008010127238771878,0.01777290584864789,-0.05589535772611699,-0.0019752999209532015,-0.10339336699697083,0.1055022268080673,-0.10745336200232412,-0.03641641313266027,-0.017376303539983862,0.03589000232706151,0.04355541075179263,-0.14955235093367564,0.0633306774599584,-0.012102965802208163,0.06165282502292693,0.02854610474581172,-0.001288930420302707,0.003222320566608438,-0.07433178937577598,0.02682706751837468,1.0,0.0027248010109405547,0.1417451568117024,0.027181705365898222,0.0009583190616822453,0.2779926911816093,0.031046006275408267,0.03017408868293486,0.02761659101448557,0.08558911998355456,0.05746634404126798
87,0.0050143311674917266,0.15086770388860463,0.07066799685657896,0.09239574881465415,-0.028091495700854483,0.0195080042554548,0.18773896816892782,0.03413127913624246,0.07545773795006704,0.0054096211155388995,-0.004033903572255934,0.018461610069863382,0.1440421044367435,0.015136355961987513,0.1161333691009239,0.0,0.07400015144129618,0.07605722109878366,0.016407551694168347,0.06586054865419702,-0.0018449443303435262,0.05488645046986266,0.03470599480098227,0.035320025011770784,0.06417038203221456,0.008025456179618268,0.022217335795378032,0.032122509110942235,0.06802535394164665,0.033721172136695295,0.03976814404523069,-0.06323199973741747,0.07552067034297633,0.028304507755497546,0.032695442835444385,0.05280303504810177,-0.01254577987318328,-0.006766352613852508,0.026218135753307212,0.023880281953773196,0.02133369264220717,0.03509660569508175,-0.00013503544273681632,0.060020947611209546,-0.00025732171371942105,0.0,0.0,0.13071917941445083,0.024158715922861,-0.026056476212259434,0.0024745140241694734,0.05168737476472246,0.033912038446291204,-0.0007996445996406057,0.10308359889595273,0.010070974687101808,0.0454606264815724,0.03325925459582293,-0.041477210034717694,0.004863269023297852,0.03405671497616407,-0.009722820062113068,0.010019453405248535,0.10020221062829751,0.05229510003537667,0.11194099362059248,-0.011529395014712587,0.001797481018748692,-0.03133969926319496,0.02217051385161179,0.06661567466689979,0.008914545932714237,0.10155272785265744,0.0,0.030656040191999183,0.019139612988697572,0.021557980083680203,0.012718224975974468,-0.023772988768715246,0.0070886321103836025,0.017457409166861997,0.10801345335527641,0.027991799417119066,0.14761222802149085,-0.01462277525912178,0.0027248010109405547,0.9999999999999998,-0.016049240088145768,0.07929021782685837,0.026814217323157453,0.0026972192049483524,0.03615347499726751,0.08274975552043481,0.1076402670539594,0.06636150562948208,0.012106040846846688
88,0.061658785768762915,0.08467992308487969,0.1162968141961467,0.018731236228130124,0.005598713028898268,0.0030862340822220193,0.01599415554452776,-0.008974045126255471,0.058047955737503265,-0.020918513809924252,0.0009516204954058225,0.08708478343703144,0.013442149010652507,-0.07985789430536891,0.05553890242325746,0.0,-0.02631039725938076,0.021249154784238822,0.03263236190968591,-0.007956423937877138,0.0,-0.015923115442100063,-0.05998932485605618,0.07599756737395277,0.012908720314322192,-0.02525721700375871,0.004697513541407955,0.04417062512176631,0.0013802970042365355,-0.027250594282973467,-0.06764389801670856,0.007153224637481078,0.05648834609667737,-0.018557203645796865,0.03691632009824121,-0.010601370672033796,0.032735299401027436,0.030194469485742483,-0.0034228022736686146,0.004789707544855828,-0.017690908944692697,-0.07476829900554893,-0.07467813518482494,0.007745596580888099,-0.030898926853679527,-0.0189719303215879,0.011557987726229398,0.04009242571597457,0.02633389549780191,0.0015975298178284802,-0.008909020071071078,0.023809023503920865,0.0021658539528211945,0.018552601305444276,0.03194581724052675,0.009160978950974974,-0.06585326246097317,-0.013601990076913956,0.03451560139075112,0.000622940646611686,0.0,0.07357356797722878,0.023218455188914622,0.024847077592055414,-0.03500388424695097,0.02045643955051866,0.0762770357514333,0.049036950299290116,-0.005013739741032929,-0.03249131857548001,0.16130005961143837,-0.01982002357329819,-0.01217601118970011,0.01024870034916597,-0.0011694812848733907,0.016279586757234517,0.026427796765455803,-0.009247598613956791,0.0017345017347455262,0.0054714982557705,0.053806580774384244,0.01845286132946515,-0.011245567868082626,0.1238705499078726,0.03684267445078958,0.1417451568117024,-0.016049240088145768,0.9999999999999999,0.0744981920410838,0.0266035378223062,0.005434517370280424,0.03653973184434141,0.023210131692218708,0.007375054266392105,0.12852162391852615,0.13255914785642536
89,0.11714620313859621,0.05517098426736657,0.029656648173268917,0.05574247424632253,-0.040573632755181645,0.01912573029487595,0.05490269395641534,-0.002947160186898839,0.05102211546769725,0.0800346882448814,-0.04840953640874943,0.011047731997298714,0.05283035766966448,0.0,0.03790860850542166,0.0,0.02371891906465136,0.04868845327011487,0.05686736823893532,-0.0020986188451654303,0.0,-0.08204592081228373,0.015963973623429866,0.08585444353447888,0.015035624594326969,0.07130106785297415,-0.024900180599685733,0.013813371376721083,-0.00497542267729115,0.06715771103140691,0.043548472357721406,-0.009111294887782404,0.013927288436219355,-0.02868260903502665,-0.0676453077761217,0.026187456909747824,-0.0077332276683446735,0.03458177427358425,0.034085286145936436,0.0021877394327875794,0.0,-0.03169652841187094,-0.02482312965976276,-0.0037324224098393456,-0.011792135624406348,0.0,0.07966325856181232,0.05608564448694188,0.03864972636503643,-0.04781840372673851,0.0,0.05952304536571564,0.02270174695726071,-0.011204368347010642,0.07160822191982101,0.015400709274670792,-0.02829872541038264,-0.009307711611377504,0.04788685900522537,0.0,0.0,0.011716545680785954,0.0,0.01925846774483708,0.041294882146912855,-0.015121804532475993,0.054733659920594056,-0.06410364170107985,-0.0033749711645541212,-0.007920741211095176,-0.030135830740320977,0.04847019597049053,-0.005133199415531062,-0.0006597538010068739,0.024383514399744295,0.008180260952007998,-0.012715755412505327,0.0,0.0,0.07175760460400574,0.021711549037024967,0.04534733658633579,0.010516265258101795,0.0066822004313367616,0.010149482070519708,0.027181705365898222,0.07929021782685837,0.0744981920410838,1.0,-0.1805043902442957,-0.0051010401454353906,-0.05867967116293514,0.011172594989595703,0.07562637415264589,0.041324340138700545,0.009740583232928668
90,-0.019077994241557827,0.0636514000797748,0.03144216171031281,-0.0018416759616337857,0.013035427491695261,0.012184249333473288,0.004672741367558745,0.026372336008552003,0.052464109661995134,-0.0467591802833424,0.12711666988844883,0.03473935264066968,0.028749507764676576,-0.01794756857566958,0.06703832999784116,-0.011064005613732854,0.08987383094194698,0.056433479295462205,0.032063948655824355,0.07615225211114018,0.047396191682637805,0.09551969275762814,0.007753709129940359,0.08446534592635078,-0.013211449680225395,-0.03986808022954148,0.035564879877141076,0.011807844779134723,0.021648444883906416,0.06863780610748837,-0.021642517377180412,0.03612780287467597,0.031312555563711986,0.004880158922544289,0.03570449555601958,0.01020879227068611,0.021377045392432764,0.0006882969273926277,0.053344575763085475,0.007608815556010882,-0.027223155356913886,0.003443170942528069,0.021775565795699652,-0.009910200756400004,0.013971954126009975,0.01492986594600156,-0.023468863659398147,0.07167635153173775,0.004455246798784026,0.05951464726050737,-0.0030425367788253724,-0.04798008407190318,0.08024903711345328,0.03992624493954783,-0.014863209910080513,0.06744635299375637,0.027445766230712064,0.08207497276608873,0.024336174260808988,-0.08853154996957864,0.05041582511387677,0.057590103906434306,-0.019904422753025272,0.09530394422446734,0.0324428989969508,0.08946809021496652,-0.032762592388948894,0.045682801736770154,-3.890436420146649e-06,0.05238258157794655,0.029632346925860177,-0.10450809660875457,0.08745511002371303,0.08186684488099372,-0.015036551470270824,0.08685151122496407,0.067741871129796,-0.03481088379083324,0.06205087845402499,0.07338995740082412,0.002746242656156875,-0.010657268276589952,0.0005184274480615498,0.02385549485102701,0.01282921066826554,0.0009583190616822453,0.026814217323157453,0.0266035378223062,-0.1805043902442957,0.9999999999999998,-0.030932021717836614,0.050727639562500836,-0.03470753061278213,0.075078437409278,0.028263499319787073,0.040382370528921
91,-0.02597481498760568,-0.002005991034477363,0.07942393337262896,0.0,-0.0651204152675073,0.0034659380233701,0.013471455107569847,-0.00732696405722328,0.03712649440131337,0.010654794559117815,-0.0048810373698392915,-0.10556395856824266,0.00825104763807026,-0.10657157955158304,0.09201303629347052,0.0,0.02340311127629147,0.01974342906414432,-0.002325449108731855,0.01876303090300424,0.0,-0.025565433401184716,0.0005611951821632225,0.02258639219660355,-0.005968278124485741,0.014413865831502587,-0.02600548225517897,0.038863829293446096,-0.02208185516362883,-0.033689512169956824,0.032716152881825875,0.0,-0.05897967931302123,0.045250830300657234,0.03285159158088397,0.07174547522674218,0.049554984582562835,0.028395066071852753,-0.11427211773717277,0.02134686597541253,-0.015530912252278085,-0.0011299122535091228,-0.03811006486625855,0.026686420683021267,0.04695719032427133,0.0,0.0,0.010862309677304675,-0.006488187973619037,0.013231038690395791,-0.000943288965355454,0.0073851851322617665,-0.01192671950328384,0.0977052312264374,0.015174509557300389,0.08114902290719983,0.02281906616014457,0.012894432172686548,0.002202026327722785,0.009911212697086384,0.0,-0.01996316356755006,0.0029038523960723695,0.015653031918125126,-0.02249071033678079,0.02622038592258021,-0.0022528337184183206,-0.08933957270101817,0.0,-0.05035617489146778,0.11694182082154449,-0.07774557341515784,0.06706730820656837,0.02877130102281037,0.0,0.0066488096289332825,-0.1822089400882925,0.088134298788106,0.0,0.02960354305194661,-0.03238989822416728,-0.0008025634174044574,0.011093542445911637,-0.005246749499148386,0.0,0.2779926911816093,0.0026972192049483524,0.005434517370280424,-0.0051010401454353906,-0.030932021717836614,1.0,0.07495887880615204,0.02199779379433034,0.04877403534945314,0.043043743932463616,0.027378330053338416
92,0.02102532764088003,0.01263282117493756,0.01848085838903538,-0.016603416216864297,0.0011509670982467336,0.11712597766818952,-0.02517956159374869,-0.004370227119716623,0.06330184497934553,0.09047738760421192,0.02796827544697061,0.012621983130789782,0.01576668112649305,-0.01789510422608516,0.07262268607674154,0.08697830606973027,0.017892116872922924,0.11208681973479637,0.09359329379598938,0.06931840839793847,0.0016500628153673833,0.060365667438650523,-0.020499814188095218,0.057809331002962,0.058443884317539545,-0.013515491515431903,-0.001470687447599226,-0.006901032756144326,0.012612446183130952,0.013675907361775373,0.06789090082697116,0.04011959229853659,-0.0162316234587223,0.042531033509372124,0.023189375666086705,0.07617647936518554,0.1367889635172701,0.08022772173890899,0.10688589747224989,0.01669086848156465,0.00677468355966371,0.0045812438710935545,0.10134109926705123,0.08449878032418849,0.047535904360362445,-0.006399544459858045,-0.035086984056787146,0.09768594840487327,-0.010789268258926092,0.000428127876590347,0.13078089113599062,0.04135521227618172,0.025947530517340806,-0.026037942349826905,0.05232808271783062,0.01199140764874175,0.054073547523079246,0.04174479892502053,0.006759581440998376,-0.011395623810060908,0.07406178906059878,-0.05569393666588782,0.040627931163517726,0.05218565961916627,0.09280302958406268,0.06542799283748121,-0.01007271180816965,0.0419351929842364,-0.0027624252428938723,0.08121757625949452,0.07087441891623722,0.003336990420450738,0.10286722284492703,-0.0069034766344029394,-0.00644896034507968,0.02630025371411579,0.06502989967120132,0.013462185622718337,-0.04614882963485213,0.01660173286187825,0.030201213183886674,0.09874443780456507,0.054788076873021285,0.04628972059238397,0.06269690530103057,0.031046006275408267,0.03615347499726751,0.03653973184434141,-0.05867967116293514,0.050727639562500836,0.07495887880615204,1.0,0.08136544540032074,0.0017132271075600402,0.040499033124798425,0.024915648838387337
93,-0.050654634881927466,0.04242396565476398,0.06617118719240332,0.011697316043650274,-0.019226582339795528,-0.038553461440837815,0.049032772758909604,0.058591703964586336,0.052180430606537306,0.05944910117773548,0.003838386510194032,0.06001683604444813,0.08707824502557998,-0.005420033310506474,0.04255657190415095,0.03667896992376566,0.0576785466670974,0.2993427947491622,0.0015124359955656311,0.016697215080344847,0.027564491399019213,0.08695352180690466,-0.001598461198334357,0.007190001603370123,0.04190277732990997,-0.01283725013153355,-0.04351514203538673,0.02220994631020168,-0.050213064469100115,0.03225318901353399,-0.006745436857822111,0.020598413307693256,0.039482057789222216,0.016770576573517208,0.04265457926500352,0.01295343529729,0.014542510385773854,0.017639370347824413,0.014796947676142591,0.06650111917564631,0.004765271575332096,0.07662283135060727,0.00424603085453296,0.07042394875475153,0.014066583332817207,-0.0005401245273719448,0.0,0.10509069631745963,0.07695266482967202,-0.01021539144560394,0.002817755230209979,0.14534758437699413,0.13534130774554046,-0.0002832407730537493,0.02343039063267748,0.007635084959060812,0.03462844594535238,0.14327221840496426,0.04447221964490125,-0.039985686441327176,0.047451861921798955,-0.014243354582299961,-0.00712222663909978,0.019874279368050193,0.0414127358630033,0.009437484715088998,0.04318291960352424,-0.011201645309974846,-0.023884844646924804,0.032542482025713,-0.012049162615054145,0.0292290413580155,0.1863222798373437,-9.492207923007269e-06,0.0355275267446331,0.02237209009821495,0.029037627801899283,-0.0014213398128927947,0.000478509132776939,-0.06627583025221553,0.0014839801131705118,0.029323221539571554,0.1067414202711472,0.12025573984631495,-0.010956636130458964,0.03017408868293486,0.08274975552043481,0.023210131692218708,0.011172594989595703,-0.03470753061278213,0.02199779379433034,0.08136544540032074,0.9999999999999999,0.06463154299088215,0.043421931973214374,0.0010500443877990563
95,0.03884049991180093,0.11413502083653723,-0.11411055860277058,-0.029343855218408807,-0.08882530057305926,0.016097304151654446,0.18784794299142019,0.02458321238619239,0.04722283275772085,0.03277161316882034,0.04903412299668291,-0.00835341706325271,0.08171882117500727,-0.053426014250326656,0.10964082344497739,-0.00792678361986844,0.06457565168982649,0.022006423612163144,0.006292928217654311,0.052012021268535234,-0.0008557990852020412,0.055042660557458496,0.014123284598480444,0.05834382778285768,0.006852703550407157,0.005792273188652483,-0.023024071844390682,0.0011641046835389208,0.03702144755425783,0.041725709640026996,-0.0010153791297406838,0.08976258319555074,0.09315510485115516,0.02953872807181601,0.03261515225504594,0.03380534047114728,0.010716504843192486,-0.004258332657083565,0.006304326825727916,0.007955554985329098,-0.02437038732899089,0.08466173341507768,0.012126514045191682,0.030700687264613502,0.005463646490522497,-0.05373007299809467,-0.04499328490170573,0.06980556152602593,0.028147750392716796,0.07053632096757231,0.05557460825752435,0.10338507351161697,0.023183296776275848,0.028425342758725394,0.07060075739937155,-0.03604466825530489,0.06304453391214442,0.040842124263461205,-0.019512205490334146,0.003683776204321432,0.0,-0.007324461660612574,-0.0018890015647070103,0.02379562133879645,0.048038302998589,0.06610122202354483,0.024110869908042835,-0.05803638830372605,-0.043204830987702496,-0.02652311272975766,-0.015021545710100889,-0.058396550222055955,0.09588897653285132,0.04414237346341676,0.007652512911724207,0.051964810375095566,-0.025679800025381817,-0.027719061453565803,0.002022770002575054,0.03576258541333152,0.006217854156120562,0.14316686912335272,0.01017158083376743,0.03175472513941928,0.016821968107480018,0.02761659101448557,0.1076402670539594,0.007375054266392105,0.07562637415264589,0.075078437409278,0.04877403534945314,0.0017132271075600402,0.06463154299088215,0.9999999999999999,0.003672556964789361,0.0037573910233455188
96,-0.03609360739438021,0.02817628619962255,0.08143900358839735,0.04938484790603332,-0.020734922769334384,0.0059797511950102295,0.06714407086290697,-0.02164570094166508,0.08902967298333744,0.006095410060781642,0.02226971337262014,-0.02781619080147236,0.08682976564217346,0.0006772544248366472,0.061763091151200974,0.0,0.0022904341756543878,0.08617657750977137,0.035279812532685986,0.0021591236813801374,0.01824740330266204,0.020880000339430625,0.0066718001630882914,0.09128966247252701,0.09275177449940622,0.012635784580550865,0.004920070008931072,0.12733111305139116,0.03308194501527229,0.06442991457343676,0.03452870764158726,0.0264315521498129,0.07604455211978742,0.01361161835888414,0.0353284371765986,0.013525666656487653,0.08480546009974288,-0.01209568519808385,-0.027424097313601892,0.04012491750631643,0.037175518095745236,0.08920253619890656,0.025027093686154883,0.0714899151496069,-0.012520727833873927,0.0,-0.03781093819831238,0.07365291198489575,0.08098085669471282,0.002017988354129128,0.02426127640823963,0.0419793873720821,0.01792547890031419,0.018009254050387682,0.14469796650483752,0.04985039804159847,-0.09889998512543872,0.04148799384427068,-0.017993400529237445,0.014901705345495817,-0.013577573311154244,0.01776015235128795,-0.007657236003773885,0.013376465222249615,0.015234457557560647,0.025572566377003076,0.03721107438682353,0.08842062518226654,0.02460318180621532,-0.03230813257008017,0.008906884266792784,0.013381800979386845,0.023566718633878613,-0.006370470506051226,-0.020674267831856948,0.02215490448535029,-0.0559753464660711,0.026883426204398337,-0.002511166101905718,0.006475062310364644,0.017071477209438517,0.0821371831287165,0.03666992267761307,0.06748881895587955,0.03742810754880306,0.08558911998355456,0.06636150562948208,0.12852162391852615,0.041324340138700545,0.028263499319787073,0.043043743932463616,0.040499033124798425,0.043421931973214374,0.003672556964789361,1.0,0.0576746080513759
97,-0.01818994221349589,0.035128466876043624,0.0256085116809614,-0.006819804503719637,0.016738218257301207,-0.04524432560124148,-0.025455238577010094,0.020506377902283945,0.014258890142936121,-0.027485585224100485,0.02647250193091319,0.11350004636290238,0.04539666159048092,-0.0013217794553789242,0.017549949451493435,0.009113446130571726,0.049201233711902485,0.020370033436832094,-0.0014742751961487224,0.015570721739517707,-0.02015749854692753,0.030836553662952362,-0.0020076712344930937,0.06804256802797302,0.005391654731574739,-0.018202658999163332,0.07805148727903682,0.021551532064355897,0.005902904986982397,0.025781211957447335,0.016362755369504663,-0.0031731239279031674,0.023431665326474643,0.05452012651628191,0.010539684227262161,-0.02757797390906798,0.0383665673811372,-0.004861467712639971,0.021202540589655126,0.02622897341008407,0.013371918076197349,-0.029098346421522453,-0.013573019794359214,0.016445503044680565,0.0404331739719871,0.0,-0.05677648579830206,0.04184899312335044,-0.011043307242281045,0.022183946220191274,-0.007408295182623915,0.004215926182158387,0.014735552076302987,0.0033634212659077213,-0.02678156319943311,-0.005747622995871544,0.013128363844836082,0.04186580563182993,0.053109337414005635,-0.0025302438065380735,0.0,0.12059556810997865,0.021010101881274147,0.031149136160066586,-0.0065852392971502615,0.00122118494916512,0.04434848177282801,0.01764814681341087,0.02312425475757593,-0.002019953149690789,-0.005214998767172631,-0.03353768059812687,-0.01207949758723146,0.0022976762340412866,0.006697441957287994,0.03676814808622111,0.002081514919489465,0.039711827442776244,0.005518703317218323,0.010980328717856312,0.13699191242548012,0.015071006138971728,0.0013721380019719011,0.0012523524306242081,-0.007931973684234756,0.05746634404126798,0.012106040846846688,0.13255914785642536,0.009740583232928668,0.040382370528921,0.027378330053338416,0.024915648838387337,0.0010500443877990563,0.0037573910233455188,0.0576746080513759,1.0
