,1,2,3,4,5,6,7,8,9,10,11,12,13,14,15,16,17,18,19,20,21,22,23,24,25,26,27,28,29,30,31,32,33,34,35,36,37,38,39,40,41,42,43,44,45,46,47,48,49,50,51,52,53,54,55,56,57,58,59,60,61,62,63,64,65,66,67,68,69,70,71,72,73,74,75,76,77,78,79,80,81,82,83,84,85,86,87,88,89,90,91,92,93,95,96,97
1,0.9999999999999998,0.09638153049775161,0.12060980520987025,0.13245482952195012,0.0905686287682034,0.1792221924905797,0.059678128679395044,0.13824103989049752,0.22614795110024719,0.25528754925907343,0.13040803334263507,0.11030329284341167,0.12353813111817252,0.07205838806758275,0.08604544399481283,0.041853330240928154,0.1298645116769523,0.2480319727013508,0.21780737528049057,0.03174747157331081,0.12436162342302867,0.09459951190151697,0.09710339555730575,0.16724046995921768,0.1432160462843207,0.12460757207851404,0.05358945994687339,0.16736621088960799,0.04771279647465809,0.2109939248067103,0.06152957861920405,0.07833421852092494,0.1933019095342324,0.16092482688585094,0.10726915876949192,0.16040007038014914,0.06606549382154671,0.12786417144989526,0.11440230108394295,0.05192768875416619,0.12914752639695565,0.09821581496537807,0.10941962110191865,0.20671784691639652,0.11348893430422834,0.0,0.13363706098614153,0.24202239849715318,0.21087934637823202,0.024751911300843213,0.12102175224611067,0.04402823408613323,0.17418098631512482,0.08624097212075943,0.14954718833119782,0.20197390194537995,0.0662924822333826,0.1850583979631241,0.16829467601223216,0.0474945212952482,0.029140852588764192,0.12579053696338416,0.04662194208925489,0.06734655730504566,0.17572047532808663,0.11784092972773423,0.10924324483390467,0.15712991198109605,0.029380019415900776,0.0904500629497325,0.05653714169178545,0.10071010450350541,0.12194642896615793,0.06249078918276628,0.21086419380531213,0.13443696265476338,0.039096556386466474,0.17478158681346945,0.022868032500187964,0.2907113513022658,0.06922077594660456,0.1273945114653291,0.15049257661038992,0.10638201555876886,0.04646290384214219,0.10229754295791485,0.06142695334627707,0.15409057409322577,0.21359746781243888,0.12737890373024316,0.05668001099315759,0.265580136028013,0.12348785380304991,0.1056092518455376,0.31542292835703023,0.06725827838418331
2,0.09638153049775161,1.0,0.15147859914086875,0.1711761819749335,0.11491406821323048,0.10086474569795928,0.30578707426650525,0.20333683400581695,0.19019826766842785,0.2268610553035785,0.19717639915602098,0.09602049680248978,0.31721850011848773,0.09173939859284454,0.3033527828381273,0.0,0.24746942964477794,0.23873440974725363,0.21129525251758577,0.19086526935708037,0.030331034681868704,0.23459624564047932,0.18023880211971288,0.19179185883914385,0.17838216393053105,0.19638147517350846,0.09349506465133253,0.20227493389301732,0.19892901586171421,0.15119795751682505,0.08268683764026498,0.14422935276074694,0.2801189165413791,0.10846459141364032,0.16100454398457595,0.22403453104522833,0.11879899695294027,0.08045803424829143,0.08862212145276777,0.08698747940781196,0.132209915031293,0.20603362357106114,0.06744128590406745,0.18804578566949792,0.09505638102380923,0.0024197939540682467,0.10556828899300957,0.3090103952448675,0.21679259775493878,0.09847593379036514,0.07823448979805114,0.25051063303821364,0.25145103194667695,0.032708838121857285,0.1755622890755655,0.13608419815773076,0.1123546297935946,0.26338672263681473,0.21698358293786957,0.14108850964934333,0.025763870517103802,0.22918391509512961,0.06848723188554433,0.13337433653473685,0.26975649201359675,0.21714338271974232,0.22132380359204776,0.061363851898205445,0.16020907996652312,0.06317493715641835,0.06775791340014393,0.20648108731166026,0.23515807989189225,0.057542413200627814,0.05629607621004591,0.16251097533176756,0.05645757052295182,0.09465590400208525,0.03881851194712212,0.278286016680681,0.11967831763722563,0.2888513296911126,0.05833274135348855,0.2217165261784268,0.06682112297825993,0.14775499385161986,0.25270078819744995,0.23419241992993883,0.09064548793259802,0.18103415251746272,0.08017865419346185,0.1827951488258373,0.1980706334689899,0.3734829764048472,0.3146757602108531,0.11605745254041905
3,0.12060980520987025,0.15147859914086875,1.0,0.15122668891746593,0.06319353288172581,0.07460338807668951,0.13833167323579795,0.07765643453536643,0.1264570988496192,0.2136549801884844,0.17382227625375615,0.08394216488920837,0.27724367148379575,0.06780157913100437,0.20298867941785909,0.04500670649893975,0.11541236207622353,0.2160377314088939,0.21552705175363082,0.04779521193992432,0.08070002078437538,0.1877553333983733,0.103265698256763,0.21536509041774743,0.1743469177654398,0.1617959303306874,0.13062137511634958,0.23327007986024095,0.16382441165614067,0.07612788283838284,0.18030080284380928,0.05214621438781427,0.22333504541410754,0.13097469393834366,0.11736313170325507,0.23302921044149122,0.09994198694218057,0.027499581051488284,0.08201451366870846,0.17339821275233788,0.11877719634881596,0.24603666219420395,0.13951550389907277,0.27016103026521693,0.0995586108358439,0.006131623911359875,0.011197850219117086,0.2360263684255798,0.14326798683421454,0.06321491627742029,0.04897740214216441,0.12204611386255829,0.12302423048979753,0.2029498398438918,0.06963106238227913,0.08749413445662785,0.11701859435446448,0.20347785766839657,0.10017043473191528,0.06128750953688915,0.0,0.14810993803954398,0.04242158651023073,0.1625441983603734,0.21902166798610168,0.17507296227125427,0.019910849646500056,0.17829818522372193,0.07235956484170859,0.0996965091635306,0.11146088736307776,0.1178939773652153,0.26103148269053056,0.048180460812609766,0.06770606363770783,0.04818863784539853,0.06131158200718696,0.07077624204383748,0.04918198007276903,0.14061377848814546,0.12157898173412826,0.14090694114576918,0.10788747572826866,0.26387622788379395,0.048298128778084065,0.1574808386272051,0.21703810296816756,0.1183573548482125,0.10231674318674261,0.09260354418310943,0.1484975360796636,0.19240315765468782,0.18648911561537165,0.13327606240064432,0.2355472186024555,0.06983176081659051
4,0.13245482952195012,0.1711761819749335,0.15122668891746593,1.0,0.04529882541668523,0.013528589059173797,0.13033900043178576,0.1008555825068827,0.09365133605681836,0.12073781635623944,0.06821926801288677,0.06618297470188404,0.19551547175144376,0.05620639109747384,0.11238104830141254,0.0,0.1481765712073459,0.19235384061671346,0.20166768818858946,0.10895896711567002,0.05017423990616218,0.10293983751194954,0.13474506610299092,0.10199757930124526,0.21920492528014798,0.10163167667940531,0.09753428933010881,0.2141994848694951,0.36171868122002715,0.11910231586605635,0.06239193449202961,0.044613875970185984,0.1942578651184892,0.04922480771606886,0.10799423204720485,0.18703902653153748,0.03668369910333888,0.0,0.04249292466722758,0.07674481632722198,0.13254814625450098,0.2367929754316423,0.0,0.14840004304284843,0.0,0.0,0.0,0.18292162076606555,0.1619381657032174,0.028960173359977966,0.0040601458771657465,0.056474400704698086,0.14724092819462836,0.03899650645947244,0.0,0.03733223258960227,0.07805119495830758,0.1942347767974547,0.09009800793537837,0.0,0.0,0.11612711820120869,0.027973587499569907,0.16343011261515333,0.20663442343086874,0.13303821564758142,0.04766039944200232,0.02255764074285319,0.054704526402216055,0.02645704276739972,0.11024909044875568,0.1113692092779409,0.1283217924839887,0.0,0.04818468056504745,0.05719768020629876,0.0,0.0,0.0,0.11838785536162852,0.19437487284055377,0.01817037144996838,0.1061116218154582,0.3341296779718831,0.024161074696133513,0.08903251075773333,0.4498025213731447,0.08155917066474147,0.13631607798428105,0.04757942983233902,0.0,0.08031753909134669,0.25370051534930227,0.10756595585960507,0.14276023579600305,0.10582901959226415
5,0.0905686287682034,0.11491406821323048,0.06319353288172581,0.04529882541668523,1.0,0.04766449286087934,0.1268310408450348,0.2218220248127864,0.2625186708456132,0.11758501212363999,0.22198315312879852,0.044770297847557934,0.11808828294839337,0.1425806758670783,0.21249081970436207,0.08502284013959913,0.21873509415613412,0.14883434389226086,0.1640773217625166,0.13715300093793364,0.06646777156098096,0.18024972286160407,0.23849023963810034,0.147981551817716,0.126540349832032,0.07877605768006983,0.09955651970951408,0.15593673046519824,0.081710261952342,0.21698493398298765,0.039567938871491945,0.1853421840439961,0.18027111272897103,0.09781503259015119,0.11640931533482111,0.21158721473183778,0.04578985148527216,0.09073196914409086,0.268764518923961,0.03965728189719481,0.04931511476368728,0.11336378685279883,0.09175759979351855,0.09773259263595545,0.08706569319623995,0.0007521650735064462,0.11218043968771715,0.19540730146227742,0.12614936530023954,0.060199882078905524,0.14676803172629235,0.08260067460030643,0.27334221528145475,0.013189836336829821,0.11795582124771885,0.30809701731492767,0.11219724453963316,0.24710982046969515,0.17694557433594285,0.06891615943355545,0.03483655017402035,0.14440374264617745,0.25073083388391143,0.0977221362372161,0.1317026667427263,0.05011105193207077,0.09098163226254921,0.13415553317762607,0.21190682980304631,0.24161214901062242,0.09115256441959399,0.11939583337305883,0.16807062842544207,0.16408824366522926,0.07639483014361904,0.2746063143664731,0.21811130401393652,0.19631209496937901,0.09451924998423789,0.10164626977086245,0.07000481492648576,0.18773458974127655,0.14075713045989488,0.05800340808704643,0.10112887133946302,0.03835219534446699,0.07689546291519511,0.07985380119200712,0.04738708676999033,0.24770365716655735,0.04961865273313239,0.14490721421347139,0.0863435209365447,0.22681286740279633,0.15667256261259113,0.09942966511911862
6,0.1792221924905797,0.10086474569795928,0.07460338807668951,0.013528589059173797,0.04766449286087934,1.0,0.04998201446810917,0.07523416624090092,0.11112314254951708,0.2049377132232597,0.053118623267060475,0.0,0.052665854020979196,0.07451853043037894,0.1318268412433088,0.012311393566978239,0.08780562519631968,0.16060653952037668,0.10235505272743606,0.0831727803139973,0.0768688196854852,0.07729716923621625,0.07939788508966229,0.18726388675180014,0.06623869371589239,0.1516160894549317,0.04515626737932059,0.06796247281830682,0.05770965734521049,0.06124840966209302,0.03464314011079134,0.08572341136968736,0.130994833515296,0.1630108103899691,0.1691202688086149,0.15005194566091387,0.27997470412039127,0.23669600854250544,0.06510075628974023,0.06197022507310715,0.08122749501049212,0.05437532158748722,0.03448542833767215,0.12668171385924495,0.187232619030848,0.0,0.08136424205859805,0.20252969372226348,0.11645905330645455,0.0867452711318191,0.08493096394520776,0.015289556594858393,0.15222613923883674,0.05055271040560367,0.031178585985157686,0.10910928302695753,0.058638898508418524,0.10158042064384144,0.19237923955792477,0.05627120442811565,0.08036199786082197,0.11819269273350357,0.06346071465009719,0.0509016460326587,0.12910055645597307,0.07126557420964189,0.01276530099551489,0.0957022690302227,0.035719178144407435,0.06859461744856635,0.051970998970749166,0.13476310602932692,0.09887854089648539,0.0693661083734832,0.1337727907941296,0.11459176134589562,0.06888304117605473,0.20436126248657,0.02802817069669221,0.14595829028161492,0.028987117235560106,0.06357165102767325,0.0750309181559957,0.05085091529123831,0.07118398795025618,0.13758896827179484,0.054161161584983936,0.05396025357232672,0.07139875228379157,0.0632183214129142,0.05683890505523171,0.25350255870641003,0.07629665197973999,0.049743404040074074,0.12618117818622537,0.02931417411763942
7,0.059678128679395044,0.30578707426650525,0.13833167323579795,0.13033900043178576,0.1268310408450348,0.04998201446810917,1.0,0.23754978360817927,0.16230639039970385,0.09255944975827995,0.05828958233069753,0.042939420001934306,0.3001365402939351,0.027349970045151644,0.2590762501903207,0.0,0.21997391715258063,0.12889461538624042,0.23295871634992527,0.32333750354347773,0.0,0.19799751179250397,0.19819365684490015,0.10797118014769348,0.25184764083243805,0.09485199095491444,0.030510052269866327,0.09867857155345362,0.2795857292919067,0.10537283645444676,0.0739534780239759,0.1698970267633751,0.18484261635504579,0.08064088799201075,0.03156148846511056,0.26699193899156354,0.08641787172427993,0.044626406322247424,0.05927410073925099,0.05417177335518112,0.09459675396808043,0.2280459357608229,0.023731733903524146,0.17512783927501727,0.03400662154074092,0.0,0.03513235243710814,0.24601667308986142,0.34332346107766304,0.07437438909532014,0.019756626595515393,0.397351487310849,0.15704504553789356,0.0,0.1462914143784001,0.14653765191233759,0.1392586372390512,0.1498633146780275,0.06364102456749385,0.04272991577073118,0.08525798276912354,0.1092877990337829,0.06465660994848135,0.14579568435030413,0.26358083990024866,0.2550216068287362,0.03279606005107727,0.03414918565442789,0.050360581077851484,0.05435675729243934,0.07152945332140835,0.09838453737623064,0.30711196348904046,0.02386773349200688,0.06087101774789388,0.09792856946756415,0.04946403764659875,0.0,0.11765717977479664,0.12850882504257602,0.06324968515208464,0.36564044873551416,0.07852640745276772,0.2620057752038946,0.1273648264879598,0.07629229543938462,0.39333775437175844,0.08935288390928559,0.11055209727179365,0.13997184569015172,0.03259554917250124,0.1838035026253243,0.28600196534548866,0.37213246014623663,0.24141006779100058,0.044013921555473984
8,0.13824103989049752,0.20333683400581695,0.07765643453536643,0.1008555825068827,0.2218220248127864,0.07523416624090092,0.23754978360817927,1.0,0.29136879153339673,0.15411157187196478,0.17727736277679526,0.05010452438005425,0.16035182127939693,0.12410896672070226,0.2490231631380888,0.05382392949606542,0.2066819409703982,0.19959980450695722,0.14255337687663183,0.11456742229620419,0.06612193531632726,0.18659162701082466,0.17776101826353588,0.1354707919716641,0.16311464197578013,0.1523221432491115,0.03809173865511699,0.1721838424354903,0.12082922948096318,0.24773340742668248,0.047436333838357034,0.12726965692176942,0.2008649263642549,0.12173613519360203,0.10966562832461763,0.18842777204419398,0.0683274057550346,0.17994118032078432,0.08507103793436879,0.03586449310621456,0.06689798854820975,0.11021090325384825,0.0553834793248964,0.151637562243701,0.08426120899292884,0.0,0.1252616664521455,0.2444940728682929,0.22202608001277307,0.10150281030661229,0.09135947077684828,0.19258804168614527,0.24846244079867386,0.0,0.16690900626010574,0.2405475199696738,0.05498605008519087,0.2162755391816007,0.16257856706918783,0.06925008491277494,0.03465529328205699,0.182830327718866,0.12588967130779943,0.11979867815106031,0.18124074910473598,0.12716918568778374,0.12148758223776078,0.10373001010330349,0.29537470682062095,0.09050405258541787,0.044308710645105005,0.1622695360971095,0.14266397989162008,0.08587216804500757,0.04248056594835771,0.22613324992574735,0.049167078782180365,0.06909547048720188,0.02000584255916549,0.25432557541920475,0.09184481658064875,0.26270277951001664,0.07531212284307612,0.13587799070128914,0.06503608312432836,0.10103385968975048,0.14641049445338283,0.1203610856714796,0.13122903907508088,0.19972158091212938,0.0689694428055443,0.1645554527663219,0.15806316667063613,0.2972167376234038,0.24720003249534586,0.05782566747600367
9,0.22614795110024719,0.19019826766842785,0.1264570988496192,0.09365133605681836,0.2625186708456132,0.11112314254951708,0.16230639039970385,0.29136879153339673,0.9999999999999999,0.2392487214661406,0.2934483865402258,0.0718914459938711,0.1713642029315481,0.10175725575687997,0.3134536492171831,0.047282545655713853,0.30227894885510975,0.18749167955964777,0.24757835873899925,0.20797156347895474,0.09924730876224211,0.17225429691120575,0.22980359736606623,0.21867466363450197,0.21976740653048377,0.1845640562977537,0.07287353005130033,0.2109778662108344,0.10638572772535615,0.30165773799430473,0.08507880961058115,0.269233059251867,0.21195833479800338,0.18318627539016857,0.11546936277083931,0.26756530515640475,0.11771608517687261,0.16672711963202225,0.23677375854426305,0.05646243023139524,0.08665511342170876,0.14972806124309385,0.16064854647762875,0.20140428621349288,0.09137825631144493,0.004473388679235719,0.15113585517201467,0.29561308627020144,0.22828253000530518,0.1310752972132784,0.2225590813403495,0.14046825297125742,0.24996372152025842,0.00784445683911974,0.2648859791718259,0.35070181963916,0.15406230879997238,0.2585987565868558,0.1349550665760296,0.09356593949232168,0.10287814053886762,0.1642687569630282,0.14700822752157183,0.15146104004041455,0.2433395482452253,0.13624134705127172,0.09587267688877268,0.17999339066134118,0.22082852529030086,0.16587037681277686,0.14538570045755259,0.17702212914930193,0.21616086912865806,0.12025186767632362,0.11463518392649391,0.45192097604758247,0.12268934167663191,0.13884219828171768,0.05262578128654132,0.29676726291704747,0.09835351749308316,0.33295808270175165,0.0913841163972146,0.15245295840368445,0.14094556719558032,0.10813341164091261,0.12490359971917524,0.20723715306858276,0.17061993635785072,0.27023943555204344,0.09621051424835643,0.21195422283126888,0.12546709343932239,0.3711284266628862,0.35362061771125486,0.09143072276609221
10,0.25528754925907343,0.2268610553035785,0.2136549801884844,0.12073781635623944,0.11758501212363999,0.2049377132232597,0.09255944975827995,0.15411157187196478,0.2392487214661406,1.0,0.22804443755023793,0.09350414434097196,0.2972725794769402,0.06882122065034968,0.2173332977345982,0.05657731319304919,0.2741995459297451,0.3614721990607769,0.3461721843508726,0.10029333541198068,0.06852390782472786,0.34556830431221586,0.31531185899335556,0.28820694205338804,0.259403062451318,0.29021190647322087,0.2043998897205993,0.29217815064068897,0.20724515810932148,0.12441727054319436,0.2669870783264521,0.12012438982107902,0.31243041174809494,0.2737771815436481,0.2552090666213076,0.3358191113952177,0.2130673547601868,0.1943553936213538,0.13247622225086628,0.21183237130383137,0.10486879127129248,0.37779705874923786,0.142401094670021,0.42850680694033366,0.29796425489336437,0.0012567359161354487,0.07140336741758484,0.4974011082851738,0.18555270777343236,0.10285651673261184,0.11281243453412877,0.0995549830092351,0.35237978929726654,0.1675798886344695,0.12855733341885053,0.1388910868934965,0.10108240645806522,0.41496240782059035,0.2735172680624462,0.16632317759431126,0.024754176082506043,0.32637700973995376,0.12119907801416904,0.12039584007364829,0.25208185628251334,0.12074882390092576,0.13569066168375468,0.2245044745008257,0.08982031442943413,0.15366858454887686,0.12576283581720302,0.14329527236124315,0.328781444572619,0.07752783408571098,0.23171998085505915,0.12839748596303371,0.08976003315808047,0.2527853382115608,0.033601082778737475,0.1964231182253602,0.12092113177113385,0.20376618797156104,0.26516364617862537,0.195911205232251,0.05347827968438242,0.16731945651423719,0.14551724328883775,0.17823251852990085,0.10556734774056822,0.2122069045091405,0.18360032911636365,0.42430900784010905,0.2803497921043907,0.16287138460987957,0.2242230575751639,0.2025502365025125
11,0.13040803334263507,0.19717639915602098,0.17382227625375615,0.06821926801288677,0.22198315312879852,0.053118623267060475,0.05828958233069753,0.17727736277679526,0.2934483865402258,0.22804443755023793,1.0,0.08849310014592748,0.11470613236546853,0.11138812483407112,0.26087575682536013,0.031179293432476336,0.15311232236543598,0.12341997015692457,0.16751928050034529,0.08277771545988394,0.0047919898873018995,0.29320409167596506,0.12229635617546042,0.2722487383131304,0.07515343362298775,0.19875283957975368,0.10779022875296561,0.25239042072315876,0.07857181944984037,0.2099223356141501,0.14152304235672858,0.17877406845791494,0.20394883566528427,0.2397669370232238,0.12730141754989754,0.20669795937756075,0.13763943054591235,0.14058237917196792,0.18506170406295638,0.05497248953307851,0.06962599885739282,0.10850394114501766,0.17583703940443784,0.15672331844458715,0.1326027192133099,0.012743414216793331,0.15902944786598455,0.24309194534616752,0.03470766888127244,0.07145237945120804,0.09209590977212431,0.0721589486036726,0.18877888807010446,0.06238434279825173,0.2262606305438207,0.27668191635089806,0.15654310439505376,0.24527621781529493,0.10316733177799121,0.07076357400355342,0.008140850338318269,0.1435299385906348,0.12890820912991494,0.11929518439640274,0.16016116303445796,0.14554234301619623,0.1006935584704294,0.18240688566430377,0.18286323465939014,0.15329448242767502,0.14156404611837908,0.22982515956748262,0.1658366209989528,0.14141720996579166,0.06593211449996823,0.2628202917171918,0.14320082537557027,0.16507323199137083,0.01703589873117237,0.23657442641031667,0.044691487060019554,0.2402440520588154,0.08740920030252324,0.12363147815297088,0.09114827090867246,0.04412051121883365,0.08872024858414704,0.15852254108979852,0.0607559693153716,0.25393876791714465,0.1474024540604052,0.22860756929573955,0.03870794605985069,0.24512871856846644,0.2226500892980437,0.06738273034365333
12,0.11030329284341167,0.09602049680248978,0.08394216488920837,0.06618297470188404,0.044770297847557934,0.0,0.042939420001934306,0.05010452438005425,0.0718914459938711,0.09350414434097196,0.08849310014592748,1.0,0.11883908206259303,0.0,0.06047135389177678,0.0,0.05299421353578879,0.053950003805402186,0.10991620298707055,0.0,0.0,0.08319170951357423,0.09466857400678579,0.1749275661431365,0.05103711251641163,0.03766720544486558,0.13013500557054472,0.11443089949029814,0.1002802091653084,0.0561810519762984,0.007470827345807722,0.050323920768592253,0.14919183142765607,0.07253785590363257,0.07269464496756543,0.09114810928318401,0.027191766892951396,0.017131114117976746,0.03527759353721578,0.07374246270719353,0.0,0.11925214062901539,0.0,0.11945027132281671,0.017405877293801622,0.0,0.27535043181484015,0.1364590778100196,0.11776814733653711,0.007513348049714744,0.07373471874634069,0.0744457837641388,0.07732562153388133,0.08296060390627943,0.04991832555818659,0.030993190924053088,0.14377065639465827,0.12804709223295052,0.11260109260788505,0.0051259663535452235,0.082558881056403,0.12051080581745643,0.0,0.06057122964891462,0.02155122364155869,0.0,0.10041784160621889,0.020287947420500205,0.05676956993947656,0.0,0.09407117469347047,0.07429711524692478,0.03818040918119718,0.1431610577842688,0.014424117161343697,0.07914245055270241,0.0,0.04380493059442223,0.007404270764561008,0.06804381247914051,0.2129185793555201,0.029462946232928788,0.0,0.057407740672515396,0.037609698227444255,0.0,0.04058975097742586,0.20788268748151587,0.11316950361446207,0.06389771596415647,0.025025455492877775,0.09407759630090078,0.03605044155241854,0.10597449473516071,0.0977154945061523,0.18210127337233087
13,0.12353813111817252,0.31721850011848773,0.27724367148379575,0.19551547175144376,0.11808828294839337,0.052665854020979196,0.3001365402939351,0.16035182127939693,0.1713642029315481,0.2972725794769402,0.11470613236546853,0.11883908206259303,1.0,0.06153962679686498,0.24779796866323386,0.030024765326227942,0.29193412813200814,0.3313583112591749,0.2978060747064013,0.19250313521842954,0.08057148738632564,0.24087477787537523,0.2904794510400669,0.2527399391667817,0.30615964331440326,0.15013315937097343,0.12814678860693715,0.1866479219085671,0.3066815315464711,0.24539574247801377,0.10312499052121604,0.11362268786472196,0.21345817675256523,0.10563534545123487,0.08948001020817842,0.28296517379487457,0.06502822533771434,0.03388938562693527,0.053038426572035405,0.3796769872374897,0.13496643109934406,0.38079027770882734,0.026699152599698687,0.3614165704850114,0.05152186864634889,0.0029217958091837,0.07559214727832968,0.37810573640249684,0.2638617606832319,0.05152567380396515,0.022226997423504733,0.2373052839153548,0.21836915168864163,0.021348376999829534,0.1896004332374849,0.116901249525712,0.07370684426067071,0.3125336100728489,0.11137576409576651,0.2298484062456372,0.0,0.16760158561977212,0.018376744366037232,0.16359995169967761,0.24670530442020955,0.15095855662297553,0.05139208719694818,0.02881440277339839,0.09712744087171471,0.06276283586683752,0.09656820512306713,0.0903637744858318,0.3075231926352668,0.06545213413082776,0.13797922654428027,0.12733745120058404,0.0,0.03497487083913345,0.0377577281220776,0.19144066174191468,0.08998804905354521,0.26298038191817397,0.18879282055779692,0.30526555795645394,0.022485592246045332,0.192202131165027,0.267653680490789,0.11279753239297423,0.06799196407549998,0.15679297274039056,0.04840611644115192,0.24335484042373226,0.3624884004532457,0.27952340549999927,0.2635589852337762,0.07823753512401772
14,0.07205838806758275,0.09173939859284454,0.06780157913100437,0.05620639109747384,0.1425806758670783,0.07451853043037894,0.027349970045151644,0.12410896672070226,0.10175725575687997,0.06882122065034968,0.11138812483407112,0.0,0.06153962679686498,1.0,0.16736473398125973,0.011508611483400434,0.10790309673009926,0.08999855891891018,0.10828271198458383,0.087297549278466,0.0,0.14752449681625077,0.12354738753115849,0.1845154047536482,0.07430340557275542,0.031100570955488738,0.07981865399147299,0.14800601141073394,0.05035017523987691,0.24333213169614376,0.0,0.10470802594316289,0.09657186705593793,0.08459611113107134,0.1350485417936285,0.10372144611006637,0.03848802232248056,0.07274364021771948,0.29772514220391455,0.0,0.1168168302187701,0.08919173899635337,0.22028450274032707,0.05763866195566575,0.048247042989436564,0.009799439190222593,0.008948090576801376,0.10183307018382426,0.08428271506412703,0.07178363520836101,0.05591050603576961,0.03531107781990076,0.10862971814282121,0.0,0.10598378744279185,0.15792720876776312,0.0945832023325811,0.14438625088425922,0.141946815432618,0.03627721365371692,0.07825195674594414,0.08004232152811433,0.2403723677803074,0.15432172268942523,0.056051527029855205,0.1065897602909973,0.03023006710772091,0.19217734017015195,0.06515133244648083,0.29729201422196666,0.06747521584428287,0.10735319185910394,0.10676524668807677,0.07294836570881666,0.008166526956095339,0.23664339017709723,0.28836159279358947,0.05655659006875073,0.0812217161842611,0.060194501701420794,0.0740209930268145,0.11760165912249448,0.15488900966994645,0.07800633172010993,0.07186572058132992,0.11473771934097438,0.043088940703078664,0.06778103143046127,0.0,0.1089423388766937,0.061988083139501514,0.10863067473269317,0.02667312591958083,0.08099967600194398,0.18236759603822555,0.05978771199355609
15,0.08604544399481283,0.3033527828381273,0.20298867941785909,0.11238104830141254,0.21249081970436207,0.1318268412433088,0.2590762501903207,0.2490231631380888,0.3134536492171831,0.2173332977345982,0.26087575682536013,0.06047135389177678,0.24779796866323386,0.16736473398125973,1.0,0.0916167764696813,0.2820601369508503,0.2459872048524701,0.2830731351756553,0.24646514940394018,0.03683907336542301,0.2385588065399461,0.22804410426114893,0.20408334629922792,0.22869359198124187,0.2207681691212051,0.0699068584496002,0.21041733562734108,0.18536417564795987,0.19344478307948532,0.10669326162712649,0.18831046989055286,0.20939452110928114,0.16063101581321287,0.09722972480526555,0.32295869674489863,0.08479225390498947,0.15318987362146202,0.24127440267035724,0.10840574245458598,0.14273582042094196,0.21306227085972396,0.21286167937439504,0.1959549312749018,0.08818088356502901,0.010885192032238247,0.0839336920696449,0.3539519104161158,0.20024496949666887,0.1515988903850725,0.07783857668108524,0.22600181263205682,0.24042123002627835,0.04135751543433035,0.20209719350791408,0.2533918692848362,0.1353081253171033,0.24539215094314057,0.08180088008255162,0.15782849218414383,0.11589609834378761,0.19074027694914913,0.2019653298949332,0.196180867566964,0.29309680294947943,0.23087928548615422,0.04830732406006,0.10060085115263184,0.13870903965866538,0.25612703895782607,0.2448409051007333,0.21172542190769525,0.2587850504354756,0.12304685901405334,0.11490385902917127,0.2307179068111164,0.2467122796209718,0.11401195838747816,0.12514508462114834,0.21990793382878188,0.09250012131893078,0.3951374969981377,0.19964329175698098,0.228356835717598,0.19020807375094168,0.1671929528428909,0.23293368187525262,0.12081578532550216,0.1272703339539604,0.3592331793845595,0.0714792979853275,0.28025808650372175,0.185499799317324,0.3443458311169002,0.3085063703546049,0.06714994936187414
16,0.041853330240928154,0.0,0.04500670649893975,0.0,0.08502284013959913,0.012311393566978239,0.0,0.05382392949606542,0.047282545655713853,0.05657731319304919,0.031179293432476336,0.0,0.030024765326227942,0.011508611483400434,0.0916167764696813,1.0,0.034282580021672115,0.08363749472959056,0.13099162882751414,0.0,0.16095135355702903,0.02891172212408094,0.0565507232562444,0.05935635884785786,0.07336739820667777,0.06441105023032637,0.008558896343273472,0.005190377447721128,0.0,0.0,0.06387570165475467,0.01588690647742437,0.025846906731120292,0.07256943684289467,0.027889635958086197,0.10674110614898719,0.0,0.11548700141914969,0.16183289218644353,0.02182497639575517,0.013570032591512095,0.017825311942959002,0.15977746512904428,0.041877921313039496,0.10589154428750584,0.0,0.0,0.10396581242050391,0.07310393492449947,0.01976592443102017,0.0,0.023439502972796802,0.12424838233699048,0.03193911818844064,0.049246446666192295,0.05197926135426051,0.0,0.024781191400924003,0.03768973373491027,0.07585459622888785,0.00872653655596774,0.03242421352566927,0.21335934607463627,0.05736572862117752,0.04677453785423541,0.0,0.0,0.03079212384008167,0.030273230424878502,0.2076610822506668,0.040131899549291375,0.008144123164180157,0.07073955730226379,0.0,0.1764516879526807,0.026025742561098623,0.1326892768415092,0.04204735329649684,0.0,0.027969988515810992,0.0,0.01627717718244826,0.20504875894773844,0.0,0.08904837141929348,0.07051213105960989,0.0,0.0,0.0,0.061127447829225134,0.0,0.1595703961850325,0.07005270277353769,0.08782042437239836,0.0,0.018520646355611223
17,0.1298645116769523,0.24746942964477794,0.11541236207622353,0.1481765712073459,0.21873509415613412,0.08780562519631968,0.21997391715258063,0.2066819409703982,0.30227894885510975,0.2741995459297451,0.15311232236543598,0.05299421353578879,0.29193412813200814,0.10790309673009926,0.2820601369508503,0.034282580021672115,1.0,0.2269045060937638,0.3022603970597165,0.21453915696954656,0.09110872667925872,0.23198456906437562,0.4597638184941023,0.17863500256240003,0.27667460700025454,0.1524661277430671,0.09968002062323712,0.2562151295266024,0.24940576965766464,0.21674530441907652,0.08268690646517976,0.19987759228576515,0.28813466658307846,0.1088770302789749,0.09418721149925992,0.31851073906496336,0.056752025210817,0.05146467249561934,0.19578349313740245,0.1343198260366606,0.10265450258796867,0.434531701774694,0.11443442705426587,0.29063736753250946,0.08531543622882243,0.0023352951566112164,0.09418148881638089,0.32599098948224564,0.295421798280489,0.10295693499295791,0.1445651853996181,0.13123314593501753,0.3534632074742755,0.07358442294340022,0.21468362381410533,0.2572738226007244,0.1075774358647438,0.43088186665088113,0.12939544580664067,0.1059035620590601,0.06713334134052729,0.21662952549480974,0.13815830870176346,0.15629912583603608,0.19695625437517167,0.14843888041844372,0.08104611286584783,0.10906540892748143,0.1625394130729351,0.15280807645002606,0.09004775002779289,0.1324846274315057,0.2885910095355897,0.1412470846292275,0.08879343021569867,0.26028121948794314,0.0833970637745088,0.10108460925532786,0.12175467214876745,0.2169665400164347,0.16064884684663497,0.2769012895584947,0.16975786871349374,0.262868784549982,0.09435296475152152,0.10143385144038335,0.1906087531803515,0.12114625490579221,0.08052151344578057,0.2433932487647621,0.04062388527154159,0.22181978854296155,0.26669443212558624,0.2944594562757964,0.27162406661994476,0.1383238822277671
18,0.2480319727013508,0.23873440974725363,0.2160377314088939,0.19235384061671346,0.14883434389226086,0.16060653952037668,0.12889461538624042,0.19959980450695722,0.18749167955964777,0.3614721990607769,0.12341997015692457,0.053950003805402186,0.3313583112591749,0.08999855891891018,0.2459872048524701,0.08363749472959056,0.2269045060937638,1.0,0.34758219447426975,0.15428057169486636,0.14217707122718712,0.2646809843804202,0.24511627125619379,0.23286793780969584,0.1746790211744302,0.2202665495575796,0.09573229089934027,0.22730008314189012,0.23000311050637404,0.1481537142715775,0.11806712089701561,0.12706086355411692,0.24561316120559157,0.1811416282723012,0.16541603011681144,0.2987539886927289,0.09052342869036481,0.15098734052548055,0.13360648665159125,0.1874306702407139,0.16515989279144344,0.27118824048685425,0.06673341332007868,0.35947714679184684,0.12940069675145324,0.0020717464430743907,0.11665845619713494,0.40708037213742654,0.2876963567163395,0.10609233879727019,0.09810855856353856,0.1728568813187009,0.36410351317881445,0.04541223309560906,0.08472473264128641,0.17172290030381646,0.11815988648309998,0.3911924961885105,0.16697102452713436,0.14092779282115342,0.06203858069262316,0.21568485503480597,0.07858915962530608,0.1733250704358144,0.251815096440738,0.11619430190286342,0.08451366981385822,0.1300307390561265,0.1157873150744597,0.1442924226356302,0.0627671397426913,0.10016370426143546,0.2790119457078242,0.08139580946026392,0.2864951816619329,0.1295153104241102,0.06510708566269546,0.15178620258835834,0.06370062418206084,0.17339186353581026,0.09606052735703934,0.17060065311631512,0.24675217446077014,0.2145208471407044,0.056975537618737325,0.1941558242616332,0.2510844424099366,0.09164479226518954,0.101419058335892,0.17627102059314997,0.056165134233423446,0.3884795312400629,0.4394815253036178,0.18155173036421357,0.2502551359273428,0.09401005183611232
19,0.21780737528049057,0.21129525251758577,0.21552705175363082,0.20166768818858946,0.1640773217625166,0.10235505272743606,0.23295871634992527,0.14255337687663183,0.24757835873899925,0.3461721843508726,0.16751928050034529,0.10991620298707055,0.2978060747064013,0.10828271198458383,0.2830731351756553,0.13099162882751414,0.3022603970597165,0.34758219447426975,1.0,0.17766810986373355,0.1255490457738017,0.3086388815040156,0.3144090442827602,0.24036519721449207,0.31271300443823785,0.18888309574221468,0.11107490624933676,0.22607442395042146,0.3044904749566719,0.16040127254989353,0.18930589890867233,0.12306113507815147,0.33659845587990533,0.2305412113498892,0.12118651017697389,0.3857726720974802,0.1119841522296944,0.1192608656951709,0.2280885107419201,0.16427821107980445,0.13560315826200875,0.3698417069986547,0.17576543932391434,0.360529248029275,0.10028165915705027,0.10223061618778076,0.098025546504145,0.38877097882158235,0.30918170271440193,0.11944049908083483,0.1281181540665973,0.1865705772916354,0.3301985964658543,0.08419464856062368,0.16057545413298335,0.15326672004003403,0.1062940226273141,0.4023962076699491,0.13097007592560497,0.13289659631514397,0.07266906629847669,0.19616340389488138,0.21417290428107771,0.22489379217728594,0.2814395870370069,0.17595567014099162,0.045573540901624784,0.17383094469624233,0.08103094661875668,0.2390317731741248,0.15950121755029487,0.11824303540337545,0.4050692412956581,0.054375934023216686,0.17205324904901714,0.16465538482554679,0.1451885257248377,0.14248272271449494,0.12718620276633683,0.17362854387935897,0.10282299351249989,0.23085573864211345,0.22337077677276623,0.25063280441299074,0.12358973431092977,0.10657406919622747,0.2741270738489339,0.13212596462147808,0.12476756043452067,0.20792992992549258,0.08971252941690865,0.3404766762302075,0.3164450567128198,0.2523639859576632,0.2542467260624359,0.12618671402683626
20,0.03174747157331081,0.19086526935708037,0.04779521193992432,0.10895896711567002,0.13715300093793364,0.0831727803139973,0.32333750354347773,0.11456742229620419,0.20797156347895474,0.10029333541198068,0.08277771545988394,0.0,0.19250313521842954,0.087297549278466,0.24646514940394018,0.0,0.21453915696954656,0.15428057169486636,0.17766810986373355,1.0,0.0,0.19543110013289644,0.18929506199561477,0.0708714862431052,0.16368290489712373,0.05324316038583377,0.054102289430099634,0.10704030508826513,0.18126901522972133,0.1849850183489859,0.023294396936461854,0.19959256206774356,0.0803298984593895,0.034404313229058237,0.03777756323913894,0.2085526956341139,0.03560979640905635,0.042732506455463365,0.1484962520018986,0.016555141818436356,0.06433392239457932,0.14704339696956414,0.03787430491671777,0.09234338637338195,0.014472628744363036,0.0,0.0,0.18641339029909015,0.18442854130016,0.14290456900056203,0.12415052477652509,0.17927991821791026,0.13210243235738867,0.0,0.15175653314264242,0.19714203299315314,0.16857995748780497,0.17880598652464497,0.06394955418354344,0.030367715629237187,0.11032394541017197,0.08861469461982083,0.10997641484251963,0.20397310995765794,0.1421232326709524,0.291160043246571,0.01682369367805095,0.1109461860184248,0.045926979612545375,0.09416924706045204,0.09275204136012635,0.09266478335988364,0.2648099698355788,0.09463320118638219,0.036879571425030185,0.19494825702262433,0.13568051281571625,0.031008683647302117,0.0738779850663841,0.08663357670663203,0.06173015188162392,0.23811894088249275,0.036051834183722334,0.2985721347539949,0.15244948895264357,0.03261362814284684,0.2885585889868006,0.0833384778426035,0.0470490565729547,0.18293499586713788,0.03901528350096193,0.12428286717938937,0.15226039196007035,0.18107758130618895,0.23293398583770847,0.05356056063650242
21,0.12436162342302867,0.030331034681868704,0.08070002078437538,0.05017423990616218,0.06646777156098096,0.0768688196854852,0.0,0.06612193531632726,0.09924730876224211,0.06852390782472786,0.0047919898873018995,0.0,0.08057148738632564,0.0,0.03683907336542301,0.16095135355702903,0.09110872667925872,0.14217707122718712,0.1255490457738017,0.0,0.9999999999999999,0.04658490905139687,0.06803843182388977,0.061943329603118505,0.15108285117144316,0.05288154799177174,0.010961907783514045,0.08143355744765532,0.017122484420960534,0.0,0.05034434513434906,0.0,0.022988702559691192,0.04905386489972845,0.025514272370324755,0.13836702506856882,0.03435743209651931,0.07034807815838222,0.10474904752418125,0.05590519362129273,0.08689989919339461,0.06506544079965003,0.015987256201597532,0.13970214077641396,0.03543273520403846,0.0,0.0,0.11949847597736932,0.2307279413342645,0.0,0.10381302808709605,0.0,0.07430087660699626,0.0,0.04730472703803727,0.08811139518238478,0.03070268954547796,0.054962319406640696,0.0,0.06260885518295273,0.0,0.03989915813664488,0.09536678115013579,0.13775969219449594,0.08441446956749404,0.0,0.0,0.04140924587452634,0.0,0.13182582744093738,0.0,0.06519176328549488,0.09177715539279709,0.0,0.11542632162163485,0.07833202781041576,0.07664112388179427,0.049364924905806976,0.0,0.0931395239000411,0.03775825885076179,0.01935810250375078,0.07478543617580123,0.07253602017608554,0.0,0.07709325907385264,0.007692914652319077,0.0,0.0,0.0672802128552332,0.0,0.11886923859846033,0.11594691635142468,0.016068149691751188,0.06372428794091266,0.005930134251504358
22,0.09459951190151697,0.23459624564047932,0.1877553333983733,0.10293983751194954,0.18024972286160407,0.07729716923621625,0.19799751179250397,0.18659162701082466,0.17225429691120575,0.34556830431221586,0.29320409167596506,0.08319170951357423,0.24087477787537523,0.14752449681625077,0.2385588065399461,0.02891172212408094,0.23198456906437562,0.2646809843804202,0.3086388815040156,0.19543110013289644,0.04658490905139687,0.9999999999999997,0.3147070477390622,0.2607151534031715,0.23483491329933795,0.2335987429896445,0.1562356123346956,0.22087300578221472,0.2331590493877495,0.12604807657710276,0.14996304631329785,0.13091669279170415,0.2734718211604343,0.26226718413694244,0.14209931738181084,0.3407285865335282,0.11727428098987608,0.10267138213751213,0.18209120561156306,0.13855080077054843,0.11454605227383559,0.3040394004016254,0.08969260692873186,0.2673469678400265,0.15572847322688194,0.033035728719805875,0.08508267165534464,0.4049468019195508,0.1912431493826722,0.0732537629738944,0.09786705333439749,0.22456301206671464,0.31516065604988924,0.061969332041683,0.10735908135536999,0.1605097993283957,0.16653616826914416,0.38686395146507785,0.11970145820279485,0.12347315670869626,0.04464339392896502,0.19226588955256696,0.16032982004872914,0.16174351309074714,0.20431125764733432,0.15116208461667302,0.06962554511577214,0.1922545138751317,0.08394788612248676,0.16754164640017238,0.08311457886432498,0.11788981851879857,0.445741029659422,0.07619393177594594,0.13169819252693507,0.13163003637572498,0.12069830231822853,0.12914550503262326,0.052656439154221094,0.11317073769162485,0.08526470347527504,0.2339972416223709,0.19041016105990682,0.26945334900413653,0.06384679034824284,0.07858418416695614,0.17459232971667718,0.1517558692150513,0.05084210560641984,0.26685335989369746,0.11711692456841982,0.3254353599389388,0.309006223461841,0.23727865584813917,0.24025599385253932,0.07881335935191623
23,0.09710339555730575,0.18023880211971288,0.103265698256763,0.13474506610299092,0.23849023963810034,0.07939788508966229,0.19819365684490015,0.17776101826353588,0.22980359736606623,0.31531185899335556,0.12229635617546042,0.09466857400678579,0.2904794510400669,0.12354738753115849,0.22804410426114893,0.0565507232562444,0.4597638184941023,0.24511627125619379,0.3144090442827602,0.18929506199561477,0.06803843182388977,0.3147070477390622,1.0,0.2053562272840421,0.22173990075554936,0.18206230899940284,0.178277671742837,0.21373118774414052,0.2677591063269148,0.17334862682599175,0.1503701155335549,0.20491372776970718,0.33038958252800615,0.13177931626575648,0.10565222273898453,0.3826883856783612,0.07335620579182009,0.066795437470247,0.15781057891435524,0.1319516391401897,0.10349602692985557,0.44640798206823235,0.0984025821176326,0.30928306873816935,0.15560441525584887,0.01984455777827608,0.08171997679566996,0.33124061435072416,0.316257150053627,0.12588967093557726,0.13187118081818916,0.14071140179470737,0.3921573715578529,0.06332919444491229,0.11046857967867187,0.1778376218464815,0.20485313104284408,0.44393436897061733,0.16241502496193094,0.15611083990364655,0.035421755792252506,0.25018626971052904,0.18079543285711902,0.09344733780733451,0.18089109187298832,0.09364159273694195,0.07533797194615346,0.1697203512950735,0.08294509552395489,0.150451475417529,0.10770611539735539,0.11678933967012704,0.3173629348427186,0.13155302833390087,0.14136166645804757,0.2164244497995651,0.12256001803767796,0.15981953716329056,0.08738960593688977,0.11592272706589325,0.168083872599026,0.23584169944327624,0.2167082130018554,0.2148834057698726,0.08481508242366292,0.14659779925312907,0.17772432824561674,0.0910694550977874,0.05466008727709048,0.24240819716176587,0.08649983937033981,0.19149531014105958,0.32222483751935654,0.20727111939557366,0.18086689826754915,0.13887939851689804
24,0.16724046995921768,0.19179185883914385,0.21536509041774743,0.10199757930124526,0.147981551817716,0.18726388675180014,0.10797118014769348,0.1354707919716641,0.21867466363450197,0.28820694205338804,0.2722487383131304,0.1749275661431365,0.2527399391667817,0.1845154047536482,0.20408334629922792,0.05935635884785786,0.17863500256240003,0.23286793780969584,0.24036519721449207,0.0708714862431052,0.061943329603118505,0.2607151534031715,0.2053562272840421,0.9999999999999998,0.15376283729470683,0.26682923919975265,0.14074171932382706,0.2997922209739484,0.1412461502212914,0.21053379699920563,0.2216878821708313,0.14123441949525484,0.28777680377291653,0.27761386549087985,0.19859652584342624,0.31966664030544073,0.20806191424709877,0.16269367407514937,0.1380658434143333,0.14654591001791872,0.07921625905626518,0.28285869771942135,0.08313150937369318,0.2730524827579651,0.24315045512350034,0.00524130957896796,0.2165076628905626,0.3463044891518751,0.14221443989277033,0.0670372473687034,0.06493480800947528,0.08608094614222157,0.2277863701742975,0.13950730667956257,0.1842304387075258,0.18414668332497808,0.12318650981637776,0.30885493716879653,0.22303442104778146,0.07414779815154803,0.014349837985762896,0.2898517420752438,0.12538630396106631,0.1198798517424077,0.21632520394337437,0.13132752472161996,0.13311904072165073,0.1892456613043744,0.12009672763571894,0.10689683798458222,0.09589540033952831,0.12052910392720109,0.21338562260988825,0.10605818416989687,0.06005908175470973,0.14336826252117874,0.05882655753750324,0.10707451610807622,0.04804655564464054,0.18934030675585625,0.14594031423091172,0.20839276579779964,0.16468244562936357,0.16856562154442412,0.055928254329333016,0.13786679802583574,0.09630131951091545,0.2818357783974874,0.14661713722539851,0.1641261059605249,0.18268987593339378,0.2322741163530118,0.13557451512243202,0.18280613185002778,0.2620689606233334,0.13019591066917294
25,0.1432160462843207,0.17838216393053105,0.1743469177654398,0.21920492528014798,0.126540349832032,0.06623869371589239,0.25184764083243805,0.16311464197578013,0.21976740653048377,0.259403062451318,0.07515343362298775,0.05103711251641163,0.30615964331440326,0.07430340557275542,0.22869359198124187,0.07336739820667777,0.27667460700025454,0.1746790211744302,0.31271300443823785,0.16368290489712373,0.15108285117144316,0.23483491329933795,0.22173990075554936,0.15376283729470683,1.0,0.14217403865366282,0.044514249341398394,0.13264689701905402,0.1898920894761072,0.07037546946113962,0.0852563223255274,0.0470117667499915,0.12708857704561427,0.08839209047669633,0.06538064324929634,0.295501703850491,0.027903816183798405,0.07880561023586277,0.27993653307852345,0.18239922508638845,0.1723048245726859,0.317925392228937,0.0644735129971689,0.2504661855891657,0.08006956070587344,0.004899719595111296,0.01193078743573517,0.29330792750129664,0.19314788868862443,0.08773555414355234,0.049201245311477265,0.13031469195439566,0.22979363453289106,0.03007222169876886,0.09406061135547777,0.09459181775152481,0.14079999438145596,0.2575538529286786,0.06830523449389136,0.12334252642263752,0.09390234809513297,0.12519440033884546,0.21263709457488728,0.2006182394962528,0.28426131565140855,0.17320836047287058,0.03500323559841369,0.11431238337707314,0.07329524900229094,0.26425956819730373,0.14979497917430798,0.15445714338911892,0.348469902384695,0.02026343491911574,0.1694554343389783,0.12532297882159885,0.14278098283954432,0.041474832717083875,0.05240110721565232,0.14246032069336256,0.08922173266624961,0.19641979236416632,0.24767629376467856,0.30105568648229925,0.06121894716187365,0.14897397430561998,0.2542247501481641,0.08590851658046836,0.060068784769736636,0.15364980813269538,0.013283160672750325,0.2663203638607961,0.2475961906013264,0.16799932800403194,0.21582954026542292,0.028399163196939144
26,0.12460757207851404,0.19638147517350846,0.1617959303306874,0.10163167667940531,0.07877605768006983,0.1516160894549317,0.09485199095491444,0.1523221432491115,0.1845640562977537,0.29021190647322087,0.19875283957975368,0.03766720544486558,0.15013315937097343,0.031100570955488738,0.2207681691212051,0.06441105023032637,0.1524661277430671,0.2202665495575796,0.18888309574221468,0.05324316038583377,0.05288154799177174,0.2335987429896445,0.18206230899940284,0.26682923919975265,0.14217403865366282,1.0,0.06916773410050893,0.17873565184477475,0.09909392343127132,0.06847028396369464,0.15516473644370374,0.0803448469086303,0.1949091959559831,0.3050596109591207,0.13104842120617682,0.31028200598555433,0.22811218884101153,0.2457565380737915,0.06717864503687554,0.08807567392287997,0.04945386944281319,0.2191076751424777,0.09637911759329446,0.16543093731026018,0.306119665908947,0.01968802273932466,0.05050844155690831,0.34043863336063396,0.1415132885850035,0.08470079807274547,0.10013383575573066,0.11872156868431258,0.24984909472740743,0.0567189452546299,0.10950772992512943,0.1260665384203854,0.07033460111926965,0.2232579254686425,0.10047330686274794,0.11505328968084565,0.02425614620558807,0.2613453095407494,0.07252815522592457,0.06643870545992826,0.25477448358058347,0.12925431155411796,0.10822726818161582,0.0984277085202884,0.10237885442332675,0.07082692281498919,0.056549656853380495,0.1257626607708524,0.2184739785668614,0.04129279257740184,0.13360265713222863,0.09122972611263999,0.06910372879639544,0.14248548952438095,0.05188745845383726,0.15606578451389877,0.06107951727979536,0.23160511675863038,0.10736371808985865,0.09585246465108554,0.05958754090366415,0.10994809501230082,0.09027999319624314,0.13934560458124162,0.059384194555396785,0.19409733087760542,0.07523236559272475,0.2745720146197325,0.15810388029817335,0.1666108679867344,0.1728727402377282,0.047189727298715484
27,0.05358945994687339,0.09349506465133253,0.13062137511634958,0.09753428933010881,0.09955651970951408,0.04515626737932059,0.030510052269866327,0.03809173865511699,0.07287353005130033,0.2043998897205993,0.10779022875296561,0.13013500557054472,0.12814678860693715,0.07981865399147299,0.0699068584496002,0.008558896343273472,0.09968002062323712,0.09573229089934027,0.11107490624933676,0.054102289430099634,0.010961907783514045,0.1562356123346956,0.178277671742837,0.14074171932382706,0.044514249341398394,0.06916773410050893,1.0,0.19452856730745413,0.1526336514550436,0.13956768496839964,0.16187038955024757,0.07098429496380623,0.20952291119726515,0.07635679997072072,0.1689857379559014,0.11976098191556762,0.047705580293916104,0.009016513086075609,0.08355346693295398,0.13584344625630407,0.03619836989147702,0.13171190483815287,0.059935783242117215,0.1366502806392801,0.09212022637654552,0.0,0.05323719882457022,0.17742083440245657,0.09053868822443518,0.06986201887454377,0.06541976873502003,0.020841802035965227,0.13233044932851554,0.14164221129415233,0.052546405625547174,0.07911540204940262,0.08206455922490996,0.19025166028421975,0.304789551326552,0.026079874883982702,0.0,0.2272543451780644,0.08250633145795319,0.06376015955623453,0.07543043082321356,0.03302927807946484,0.15540153884379815,0.10103058762892686,0.020188632292141743,0.09248400408915142,0.11775802806587604,0.054311583400900636,0.06714756960691683,0.1255817866484386,0.03188537587384618,0.06039910524379695,0.06940228572141299,0.052342392259021375,0.04806354177015344,0.011937692657144868,0.3014590250733356,0.049622559454629414,0.1253327068598098,0.09064518071348349,0.05806497927849836,0.03119586406097098,0.05234021237053954,0.20319669703062854,0.008272750447400161,0.10955516772581318,0.19318189497843194,0.08035374062845911,0.059222519886826225,0.03420983126687088,0.1227683642222004,0.34632375362762313
28,0.16736621088960799,0.20227493389301732,0.23327007986024095,0.2141994848694951,0.15593673046519824,0.06796247281830682,0.09867857155345362,0.1721838424354903,0.2109778662108344,0.29217815064068897,0.25239042072315876,0.11443089949029814,0.1866479219085671,0.14800601141073394,0.21041733562734108,0.005190377447721128,0.2562151295266024,0.22730008314189012,0.22607442395042146,0.10704030508826513,0.08143355744765532,0.22087300578221472,0.21373118774414052,0.2997922209739484,0.13264689701905402,0.17873565184477475,0.19452856730745413,0.9999999999999997,0.1913951683847166,0.21625758983731935,0.1526099526104609,0.21202280941417698,0.2857133144800583,0.18489433643009506,0.2397601726568887,0.2373450083350585,0.1753165766276047,0.10115597030133915,0.1435632629473559,0.11085945216005728,0.12644238279267156,0.20761509790884514,0.16719573363229565,0.3081589663833048,0.1856492623017281,0.0,0.18698205530646567,0.26618056375541616,0.1609151727377671,0.09712313996479538,0.15028502048421083,0.06218441366735429,0.2338755655794331,0.12400050690154574,0.17565996462997344,0.21219139689647307,0.14736044948189606,0.29449816304372484,0.29891081241484785,0.04008445833111119,0.016939962932766554,0.21937110731009968,0.1021535091528671,0.15195784294333764,0.1470321273172559,0.0865294618544261,0.16145222725607708,0.23834765540634378,0.07419261810558422,0.12706789251750691,0.0852075986307815,0.13141548270342923,0.1787831303326039,0.09412961940918806,0.07688469505904029,0.19261208182912729,0.107323574519646,0.152475124021025,0.08035175979032014,0.1303088983306827,0.17228232931415316,0.1534724801100126,0.09819220626920572,0.2858441031203826,0.0924325123839384,0.1135087769194619,0.2069623930824717,0.2644591938079744,0.12040439504532141,0.1534245420002173,0.18211722393862814,0.2176999868800771,0.13494033912623932,0.19888996183211333,0.2535341497562509,0.2503178907716122
29,0.04771279647465809,0.19892901586171421,0.16382441165614067,0.36171868122002715,0.081710261952342,0.05770965734521049,0.2795857292919067,0.12082922948096318,0.10638572772535615,0.20724515810932148,0.07857181944984037,0.1002802091653084,0.3066815315464711,0.05035017523987691,0.18536417564795987,0.0,0.24940576965766464,0.23000311050637404,0.3044904749566719,0.18126901522972133,0.017122484420960534,0.2331590493877495,0.2677591063269148,0.1412461502212914,0.1898920894761072,0.09909392343127132,0.1526336514550436,0.1913951683847166,1.0,0.09422229518055113,0.09827031023808412,0.09134971224519012,0.34031760529308386,0.06551407492761324,0.08416693708779585,0.2933763129610042,0.05454574772413938,0.008450268396523148,0.05742457464680254,0.27135720652055595,0.10856026073209676,0.4162210338680927,0.023716967480092513,0.23422418780897672,0.035774170367400625,0.0,0.08870019104863677,0.2975688156779166,0.26043276816852934,0.028413516369591496,0.04052784259940013,0.14688755196285994,0.20624317876893825,0.03992389773555081,0.1514328234985413,0.08331969834727052,0.10387956950858916,0.3433101637981667,0.11951612934359704,0.02781335195059221,0.027634032427231177,0.20344604565125818,0.06157350255845208,0.16134111174706176,0.24131409302071452,0.10524703851382206,0.0687549425105093,0.013086652632034707,0.024218584339902798,0.0632011989458551,0.06646845862851383,0.06617100070896377,0.21221867190679133,0.08568206457771994,0.03320327461475174,0.07937851481135078,0.031221006315649225,0.0,0.004869741672778001,0.08390996554743296,0.12099531948064109,0.1645157550940306,0.0740076646533228,0.31262551750660095,0.011131046427411685,0.08083097950735768,0.385418019823165,0.1142614629937716,0.07288021803017207,0.11127105737663637,0.06172155943966047,0.1127576524062602,0.3292477030356271,0.1979444485854058,0.18502635647167398,0.10556768422698395
30,0.2109939248067103,0.15119795751682505,0.07612788283838284,0.11910231586605635,0.21698493398298765,0.06124840966209302,0.10537283645444676,0.24773340742668248,0.30165773799430473,0.12441727054319436,0.2099223356141501,0.0561810519762984,0.24539574247801377,0.24333213169614376,0.19344478307948532,0.0,0.21674530441907652,0.1481537142715775,0.16040127254989353,0.1849850183489859,0.0,0.12604807657710276,0.17334862682599175,0.21053379699920563,0.07037546946113962,0.06847028396369464,0.13956768496839964,0.21625758983731935,0.09422229518055113,0.9999999999999999,0.020370359193221617,0.27004090280855264,0.16311465766286007,0.08357138654697047,0.10241011422820918,0.12658904078434907,0.017794207781346126,0.06072380090630847,0.15438459969594198,0.0,0.04500670649893974,0.1315417140559851,0.11592041601593547,0.1574663002273198,0.04192282343753785,0.0,0.25741209597352266,0.1773810972023617,0.12664117755645254,0.05736163560068633,0.12407598227519268,0.12956672772197825,0.14013929049407617,0.01986188834360124,0.330747271346267,0.29028394746577746,0.02650227349566413,0.18492730590340486,0.17105633349602828,0.016772082287675242,0.0,0.10648464695184477,0.08548585326183089,0.11891287353862348,0.13750477455423168,0.08213292636386628,0.0760114489299385,0.10340249529165471,0.17068840906919872,0.10181283641337462,0.06239177481057771,0.2076470685118369,0.1272109321137821,0.19985952314183608,0.03146365820236107,0.3085855021018316,0.12080642411404549,0.0571379330861639,0.07267997679553032,0.20872340391936275,0.0794444008535643,0.24678989421858355,0.08782358307665375,0.1352428097556624,0.08614084388875115,0.03422374856972065,0.09296632430510529,0.12146230793186504,0.1054294665070254,0.16076395388608428,0.04367088088255408,0.11003230418678593,0.09204180252677574,0.23578789246387977,0.3132775402953165,0.14511900730105537
31,0.06152957861920405,0.08268683764026498,0.18030080284380928,0.06239193449202961,0.039567938871491945,0.03464314011079134,0.0739534780239759,0.047436333838357034,0.08507880961058115,0.2669870783264521,0.14152304235672858,0.007470827345807722,0.10312499052121604,0.0,0.10669326162712649,0.06387570165475467,0.08268690646517976,0.11806712089701561,0.18930589890867233,0.023294396936461854,0.05034434513434906,0.14996304631329785,0.1503701155335549,0.2216878821708313,0.0852563223255274,0.15516473644370374,0.16187038955024757,0.1526099526104609,0.09827031023808412,0.020370359193221617,1.0,0.009123328115143913,0.1787760361344743,0.22643004761086644,0.13133202878714637,0.19704491216439785,0.1750026422825046,0.1041715367950534,0.02877996690573966,0.09157713091896429,0.03241814621195108,0.20472981299600856,0.10895899791419264,0.21700130314090418,0.29583259174629817,0.004183797197304811,0.0,0.19411502557342486,0.06117258614260479,0.06583533950864662,0.03341880075749993,0.0437916104346394,0.10618820956375312,0.22376734421758246,0.028280615365808327,0.04495055962522081,0.04221711694851542,0.19854013344502142,0.1749744509391456,0.07434376691852355,0.016036361802122027,0.23454099446084103,0.010525659778489965,0.017569734439918203,0.11086300042439809,0.10239232535128952,0.08151474208258425,0.23270702248647807,0.022252698898298395,0.02986508229438463,0.07605322095746885,0.11318103321181858,0.14729940132486383,0.08391782178488724,0.058401178861745014,0.00956526615575221,0.0,0.1132198462648816,0.06935400729279478,0.08994857146212386,0.09706546275395034,0.10202071545450064,0.0698718372154926,0.08326054830470661,0.01704585076043345,0.07347961540741149,0.06990670243735236,0.08748880253810588,0.021371598286280897,0.0710845545962134,0.2155035481090748,0.20459146898127628,0.08318111993034963,0.09926373729997351,0.10571881661780506,0.14507228941466063
32,0.07833421852092494,0.14422935276074694,0.05214621438781427,0.044613875970185984,0.1853421840439961,0.08572341136968736,0.1698970267633751,0.12726965692176942,0.269233059251867,0.12012438982107902,0.17877406845791494,0.050323920768592253,0.11362268786472196,0.10470802594316289,0.18831046989055286,0.01588690647742437,0.19987759228576515,0.12706086355411692,0.12306113507815147,0.19959256206774356,0.0,0.13091669279170415,0.20491372776970718,0.14123441949525484,0.0470117667499915,0.0803448469086303,0.07098429496380623,0.21202280941417698,0.09134971224519012,0.27004090280855264,0.009123328115143913,1.0,0.21276487116447063,0.041920865217259184,0.09321296302696905,0.2239002743295467,0.08899319871331574,0.054393067379123486,0.1163181029822524,0.017290337095718325,0.05039318979073783,0.07413889689464706,0.09456418480894202,0.12151975824478277,0.04251189924028862,0.0,0.1029355846201256,0.15146362056238025,0.14349454670323614,0.14496901534215925,0.07872451697691335,0.14391291784938362,0.155723974216765,0.029651992980945917,0.20665423121097676,0.18394464763388882,0.18397950111599337,0.17821726981775107,0.14364649653340275,0.01126763709220005,0.0,0.14449128563212005,0.07231947588879407,0.10651566348113081,0.14290793961205658,0.08828423249685449,0.04392703760542003,0.0983397397192102,0.10904894273532173,0.12070374261614852,0.08755653090694882,0.11492615789912305,0.10576068737461625,0.11608539206776941,0.06200354195742176,0.2735146062924763,0.14685887517775625,0.1040970359051272,0.03978501837229623,0.16618936530527073,0.03466864683754687,0.26769095881901467,0.07967613214742644,0.10600023812022794,0.06613737220197112,0.09963124114334251,0.10706677776613042,0.11315128000530747,0.027640379473689303,0.19295060643679504,0.0,0.11367764170966697,0.10325764211385707,0.22259448293883716,0.2552112785625932,0.07909425468466566
33,0.1933019095342324,0.2801189165413791,0.22333504541410754,0.1942578651184892,0.18027111272897103,0.130994833515296,0.18484261635504579,0.2008649263642549,0.21195833479800338,0.31243041174809494,0.20394883566528427,0.14919183142765607,0.21345817675256523,0.09657186705593793,0.20939452110928114,0.025846906731120292,0.28813466658307846,0.24561316120559157,0.33659845587990533,0.0803298984593895,0.022988702559691192,0.2734718211604343,0.33038958252800615,0.28777680377291653,0.12708857704561427,0.1949091959559831,0.20952291119726515,0.2857133144800583,0.34031760529308386,0.16311465766286007,0.1787760361344743,0.21276487116447063,0.9999999999999996,0.1856620105857671,0.26131061674350936,0.35124211467976285,0.10372716027499433,0.08244293102799682,0.08784547054453025,0.16565557539529688,0.094010913729486,0.3187785163504837,0.04893685891021558,0.28034261716699643,0.12910602700096635,0.029344425100838258,0.18607681452581012,0.3727630875833159,0.21067105795300445,0.06037348045054824,0.05971457272909829,0.09189225969338122,0.3639293338437903,0.18653479743396234,0.16066780291195,0.1510694619575789,0.11479375123300822,0.41272650761041624,0.28497117132504063,0.048431825848347855,0.0281190623971603,0.39350284938521246,0.067288543677563,0.11296180343670455,0.24920040830545742,0.11769876279583374,0.25846969839575856,0.12815897343438323,0.13616053683407436,0.07661115974440515,0.0942921300800367,0.10442281243110119,0.1929105781492026,0.12439167336934112,0.059862991027197006,0.16946989079540065,0.048205036820766614,0.08060221258715833,0.041844037154695625,0.1447026714078488,0.25233149011600153,0.2563137410720406,0.09115864971014795,0.17336757495217997,0.04782265175203367,0.11868361992372974,0.2128992565978597,0.25331955835947545,0.0874397237993676,0.17132093236717377,0.1264006574329842,0.20068578439413895,0.19389384324959122,0.2215921472048026,0.27847752242395757,0.27128674275179343
34,0.16092482688585094,0.10846459141364032,0.13097469393834366,0.04922480771606886,0.09781503259015119,0.1630108103899691,0.08064088799201075,0.12173613519360203,0.18318627539016857,0.2737771815436481,0.2397669370232238,0.07253785590363257,0.10563534545123487,0.08459611113107134,0.16063101581321287,0.07256943684289467,0.1088770302789749,0.1811416282723012,0.2305412113498892,0.034404313229058237,0.04905386489972845,0.26226718413694244,0.13177931626575648,0.27761386549087985,0.08839209047669633,0.3050596109591207,0.07635679997072072,0.18489433643009506,0.06551407492761324,0.08357138654697047,0.22643004761086644,0.041920865217259184,0.1856620105857671,1.0,0.1546945055957818,0.2675144471014539,0.2352769305980496,0.30632886697808376,0.10626536059806133,0.06636525272522771,0.06649930427139168,0.19015880209758512,0.15057344751945811,0.21329744437780188,0.3042296409196209,0.039821492219407645,0.10135359783457026,0.28036448997814833,0.07627413372758868,0.07730331081247147,0.1621743173393135,0.05183614190327988,0.1992269363907266,0.08728784803410371,0.08353726881272683,0.1383105432129052,0.09563643464890847,0.2294355202888157,0.10206926287083509,0.09785498769214529,0.040570955896932326,0.17830563516230472,0.09014356570880101,0.06937849204991298,0.1606919274468564,0.11668736313560503,0.08862187888486908,0.19500322106195064,0.09186445556635672,0.0932546933845078,0.08982271909359804,0.14966209200298555,0.2746234750726988,0.05891820090277696,0.09583861427593737,0.1579508124855214,0.06472952875294398,0.17831342629662755,0.07985241206552068,0.05271754179481899,0.03472853490964209,0.1656668878085005,0.11978127010278058,0.0725867115352662,0.10722947493274834,0.07196077319949036,0.06415242332680025,0.1452291464340799,0.05260744058269749,0.12673361171810238,0.1551095328510118,0.2786602093903028,0.07556441806179855,0.1313674740279627,0.19224424060632284,0.051314055178020505
35,0.10726915876949192,0.16100454398457595,0.11736313170325507,0.10799423204720485,0.11640931533482111,0.1691202688086149,0.03156148846511056,0.10966562832461763,0.11546936277083931,0.2552090666213076,0.12730141754989754,0.07269464496756543,0.08948001020817842,0.1350485417936285,0.09722972480526555,0.027889635958086197,0.09418721149925992,0.16541603011681144,0.12118651017697389,0.03777756323913894,0.025514272370324755,0.14209931738181084,0.10565222273898453,0.19859652584342624,0.06538064324929634,0.13104842120617682,0.1689857379559014,0.2397601726568887,0.08416693708779585,0.10241011422820918,0.13133202878714637,0.09321296302696905,0.26131061674350936,0.1546945055957818,0.9999999999999999,0.19424024311965976,0.16322382874081995,0.16054511501807447,0.08751329419211865,0.10515275844138453,0.07077263128741118,0.09030929738808863,0.07905164193941791,0.16362498478715393,0.20185664710379775,0.0,0.1280420675972316,0.21524916087789275,0.10406936791364185,0.0699515194212414,0.05109980304999596,0.02212061271606262,0.19484252188131393,0.11898147206521936,0.0862242000973398,0.12358544817508138,0.06251187132847479,0.22538697726449566,0.3668978252576871,0.02260623845399046,0.0,0.24418239903445504,0.08801683825383258,0.06767235356251688,0.09900411677973175,0.055351401407981,0.18893025326984964,0.18009253591160365,0.11221173143778645,0.0834133136559334,0.029900340121953306,0.07433046224826584,0.09445764439463991,0.15713862933880982,0.07421446893568924,0.15221561205563056,0.06106081783974825,0.14967560495169385,0.02993272696155335,0.03542644890169157,0.15604258472619129,0.10221613952042213,0.08245637127345092,0.10886579888601303,0.03685868934197059,0.067270661619479,0.07682364747442844,0.16807855688370588,0.061231385560417115,0.07222852464033333,0.1422492626140025,0.16074169289287457,0.09515164516368331,0.10437763581014584,0.1818748716421177,0.2280258163964483
36,0.16040007038014914,0.22403453104522833,0.23302921044149122,0.18703902653153748,0.21158721473183778,0.15005194566091387,0.26699193899156354,0.18842777204419398,0.26756530515640475,0.3358191113952177,0.20669795937756075,0.09114810928318401,0.28296517379487457,0.10372144611006637,0.32295869674489863,0.10674110614898719,0.31851073906496336,0.2987539886927289,0.3857726720974802,0.2085526956341139,0.13836702506856882,0.3407285865335282,0.3826883856783612,0.31966664030544073,0.295501703850491,0.31028200598555433,0.11976098191556762,0.2373450083350585,0.2933763129610042,0.12658904078434907,0.19704491216439785,0.2239002743295467,0.35124211467976285,0.2675144471014539,0.19424024311965976,0.9999999999999996,0.18605822471433928,0.1369823659107877,0.20545798577126062,0.18129637048441924,0.09980994846774315,0.41230099991285557,0.15885857347374635,0.26767902970632523,0.19919042393857972,0.00352538069532829,0.08986668718993282,0.4369729978647223,0.3237396922467976,0.1279264281400851,0.16141476710224767,0.2695665659933191,0.36935811203525315,0.14295982468368654,0.18468258937911725,0.2208232893796905,0.15369979015723528,0.39469403858682545,0.16174047949027096,0.17006885946045056,0.06967471632955101,0.2876472578300206,0.20891136772861515,0.15903522338174272,0.3400224880761598,0.19532503525428035,0.09444397428563914,0.1750761001422777,0.11682581272351508,0.24335026578692676,0.18327196398019746,0.15566493019432467,0.3529729849157045,0.12028232379632131,0.15883211701474861,0.19173870223409684,0.16807234885217298,0.17040127202381924,0.09897022707943204,0.17955746199099853,0.1215556094649151,0.31955730045061503,0.19712912999072676,0.23404133639863192,0.13046659590527024,0.11609233435611617,0.24899106223410197,0.20840198960985776,0.06978211152103492,0.27060295934826206,0.15968692287010092,0.3149662884351943,0.34732426162446395,0.3129841286983622,0.26483699507387276,0.12658841097251733
37,0.06606549382154671,0.11879899695294027,0.09994198694218057,0.03668369910333888,0.04578985148527216,0.27997470412039127,0.08641787172427993,0.0683274057550346,0.11771608517687261,0.2130673547601868,0.13763943054591235,0.027191766892951396,0.06502822533771434,0.03848802232248056,0.08479225390498947,0.0,0.056752025210817,0.09052342869036481,0.1119841522296944,0.03560979640905635,0.03435743209651931,0.11727428098987608,0.07335620579182009,0.20806191424709877,0.027903816183798405,0.22811218884101153,0.047705580293916104,0.1753165766276047,0.05454574772413938,0.017794207781346126,0.1750026422825046,0.08899319871331574,0.10372716027499433,0.2352769305980496,0.16322382874081995,0.18605822471433928,0.9999999999999999,0.3023827048863545,0.0325892631309473,0.09050615907049983,0.05445839071574125,0.10313021154400123,0.15028330057581377,0.14917113895774267,0.2169451185581486,0.012182301407924818,0.048203723570562525,0.20504842951441313,0.08382173048546615,0.08923876798350885,0.09591811326980496,0.01672283036534514,0.0989918661969596,0.03337917587761628,0.05928981118852068,0.0368117403272057,0.05611884838992928,0.12572781749869316,0.19968186794565926,0.05524565533071617,0.02918398403217195,0.11949184226768758,0.043099336000356064,0.019184707441917036,0.13082999179131016,0.0993813443037874,0.08406254970536044,0.1266623154539822,0.02834780682388412,0.024155716879303884,0.09394862391064102,0.12937209448007744,0.11613579012770502,0.03148844374569374,0.059010389868122806,0.056574295288537725,0.006960786362688521,0.21561447220661922,0.06840028019045631,0.13968562459254397,0.04436686705753638,0.14464274723403905,0.050862872932328634,0.09697459480019077,0.05128824478242072,0.1713953023375439,0.0455315947048602,0.06662646213206184,0.062229414958326235,0.09901948203469678,0.19815762574673884,0.19113315593634067,0.05766790689642108,0.12307265669095388,0.08319731004150013,0.05326687969223093
38,0.12786417144989526,0.08045803424829143,0.027499581051488284,0.0,0.09073196914409086,0.23669600854250544,0.044626406322247424,0.17994118032078432,0.16672711963202225,0.1943553936213538,0.14058237917196792,0.017131114117976746,0.03388938562693527,0.07274364021771948,0.15318987362146202,0.11548700141914969,0.05146467249561934,0.15098734052548055,0.1192608656951709,0.042732506455463365,0.07034807815838222,0.10267138213751213,0.066795437470247,0.16269367407514937,0.07880561023586277,0.2457565380737915,0.009016513086075609,0.10115597030133915,0.008450268396523148,0.06072380090630847,0.1041715367950534,0.054393067379123486,0.08244293102799682,0.30632886697808376,0.16054511501807447,0.1369823659107877,0.3023827048863545,0.9999999999999998,0.07607689771131804,0.012262340213542344,0.07290745147691906,0.057743500709574846,0.11309017055706935,0.11029249870324098,0.23114632334069923,0.0,0.12264355141620921,0.22852714649130568,0.07563734348525847,0.028631274415686452,0.13136841965525006,0.0353929245188696,0.15880224201043608,0.02944095037017852,0.07003731994750842,0.16347000638428988,0.02314943167168852,0.10442464897034509,0.12224924485102434,0.09589235790770165,0.0628196293031862,0.12189657784218647,0.03469557504456294,0.0,0.15678543493334304,0.026088061219176145,0.05296033677105104,0.09163870590058659,0.1251754837065548,0.08845676983857312,0.036992920591004036,0.146925021770986,0.07500568222737468,0.0644737213038776,0.14890867253551093,0.16107637643003425,0.039742437871752204,0.20794271905513342,0.011542750075956513,0.11295090743744225,0.025234098975199272,0.15065273394729928,0.0829715191920254,0.014319156585786069,0.0482076609039269,0.13769381302484807,0.004218442446488213,0.0663581827233409,0.09147884717458976,0.12929456460187827,0.04334774220573131,0.2264232550475584,0.05506480790561849,0.11821476221196141,0.1244861622387925,0.007316582223208646
39,0.11440230108394295,0.08862212145276777,0.08201451366870846,0.04249292466722758,0.268764518923961,0.06510075628974023,0.05927410073925099,0.08507103793436879,0.23677375854426305,0.13247622225086628,0.18506170406295638,0.03527759353721578,0.053038426572035405,0.29772514220391455,0.24127440267035724,0.16183289218644353,0.19578349313740245,0.13360648665159125,0.2280885107419201,0.1484962520018986,0.10474904752418125,0.18209120561156306,0.15781057891435524,0.1380658434143333,0.27993653307852345,0.06717864503687554,0.08355346693295398,0.1435632629473559,0.05742457464680254,0.15438459969594198,0.02877996690573966,0.1163181029822524,0.08784547054453025,0.10626536059806133,0.08751329419211865,0.20545798577126062,0.0325892631309473,0.07607689771131804,1.0,0.015150883388762089,0.09184799479567646,0.1252899810475692,0.29083323434776887,0.12359665625280854,0.08443697398378326,0.017780476127096715,0.07215891884582293,0.15137244630377944,0.15462494722306136,0.10773514379687736,0.21506584661368494,0.06813768768877865,0.20839884437019732,0.04547015477317789,0.10416305530677189,0.2089420881606374,0.17551571813637015,0.1876342664298431,0.10263418696731044,0.10092823158924416,0.13251777852017838,0.059168527512337414,0.4939201250749706,0.21467220051027247,0.10723683217316535,0.11281697316384835,0.03849163961865698,0.20240277748120072,0.03250859201223251,0.5781996504556962,0.17629863049604919,0.09938047182202116,0.19551262847324002,0.10539801373699936,0.07717530158991101,0.24221142030276288,0.5215210193571493,0.12922321264142994,0.0808167819735357,0.11164629246542074,0.06795269963855198,0.14149728638997774,0.28899038910577807,0.10320454573042591,0.15776294524082468,0.13095476173343853,0.05342451496845727,0.05529535118107317,0.05045883960945435,0.2132091599507875,0.08569412701172242,0.2437303055588147,0.10100188536176917,0.1442472544099329,0.17809624077282885,0.057253916207834904
40,0.05192768875416619,0.08698747940781196,0.17339821275233788,0.07674481632722198,0.03965728189719481,0.06197022507310715,0.05417177335518112,0.03586449310621456,0.05646243023139524,0.21183237130383137,0.05497248953307851,0.07374246270719353,0.3796769872374897,0.0,0.10840574245458598,0.02182497639575517,0.1343198260366606,0.1874306702407139,0.16427821107980445,0.016555141818436356,0.05590519362129273,0.13855080077054843,0.1319516391401897,0.14654591001791872,0.18239922508638845,0.08807567392287997,0.13584344625630407,0.11085945216005728,0.27135720652055595,0.0,0.09157713091896429,0.017290337095718325,0.16565557539529688,0.06636525272522771,0.10515275844138453,0.18129637048441924,0.09050615907049983,0.012262340213542344,0.015150883388762089,1.0,0.051690776542425085,0.23958974087784563,0.0543412557281502,0.25544524625349346,0.058661190493493165,0.0,0.0422344394149922,0.25676352942297953,0.09803156577942089,0.032268034394217715,0.0,0.0484692300436303,0.15560741857227908,0.0,0.05359681979841455,0.013310834851606152,0.06957302671136709,0.229247827781771,0.1360110330703413,0.12750238638199995,0.012663238031494802,0.14703554326299878,0.04675313951054679,0.135272257389491,0.20825404965657307,0.11319685638983822,0.03620742251750839,0.047754975937490715,0.05765818094234105,0.04421849044423638,0.05050165186724937,0.054289338187341246,0.14447861874652124,0.016395800845565824,0.0970520801231366,0.008497447807486552,0.0,0.04639734709138332,0.0,0.07305797850912708,0.08689800744135298,0.0835139667471216,0.1404002640460856,0.1688884812345398,0.02153662216327817,0.05147268212930429,0.10241492737411474,0.045437471859383786,0.059066871802491594,0.04885604073617986,0.09493921001505133,0.14885713470796152,0.20526443559991062,0.057650449794636224,0.1302991198328029,0.09574450765964046
41,0.12914752639695565,0.132209915031293,0.11877719634881596,0.13254814625450098,0.04931511476368728,0.08122749501049212,0.09459675396808043,0.06689798854820975,0.08665511342170876,0.10486879127129248,0.06962599885739282,0.0,0.13496643109934406,0.1168168302187701,0.14273582042094196,0.013570032591512095,0.10265450258796867,0.16515989279144344,0.13560315826200875,0.06433392239457932,0.08689989919339461,0.11454605227383559,0.10349602692985557,0.07921625905626518,0.1723048245726859,0.04945386944281319,0.03619836989147702,0.12644238279267156,0.10856026073209676,0.04500670649893974,0.03241814621195108,0.05039318979073783,0.094010913729486,0.06649930427139168,0.07077263128741118,0.09980994846774315,0.05445839071574125,0.07290745147691906,0.09184799479567646,0.051690776542425085,1.0,0.09046688394341396,0.0633516674247796,0.12653454833053118,0.01742983584236686,0.06470639594857487,0.0,0.13799984839125332,0.09142907088429456,0.03260265621766904,0.04219212106802809,0.036481061271439144,0.09783331803476963,0.040524290790181196,0.08747731351357965,0.04345019267265847,0.06488723443570481,0.10184246487928578,0.07248605391110133,0.04277518381085638,0.09448288035805541,0.09357283022726393,0.10319680235628781,0.20865183677632565,0.14998717234077466,0.16338673697548417,0.03752091905376201,0.050008302848911196,0.05377486190823874,0.1228045799603393,0.05091927578283672,0.05166623783867223,0.10910382154986312,0.028671622740762272,0.15118023426911548,0.05283425814595279,0.11091682517506057,0.0177831999189989,0.0,0.17034368069780578,0.07481110664296403,0.08851050267750141,0.19434877117204613,0.2414443933090134,0.05272605322721935,0.23566562569715174,0.1524210797761009,0.0297384043341267,0.0,0.094039543561584,0.016706601406665796,0.09833898058534488,0.09736077774026218,0.0764066625993029,0.1530878974102387,0.023498959930851555
42,0.09821581496537807,0.20603362357106114,0.24603666219420395,0.2367929754316423,0.11336378685279883,0.05437532158748722,0.2280459357608229,0.11021090325384825,0.14972806124309385,0.37779705874923786,0.10850394114501766,0.11925214062901539,0.38079027770882734,0.08919173899635337,0.21306227085972396,0.017825311942959002,0.434531701774694,0.27118824048685425,0.3698417069986547,0.14704339696956414,0.06506544079965003,0.3040394004016254,0.44640798206823235,0.28285869771942135,0.317925392228937,0.2191076751424777,0.13171190483815287,0.20761509790884514,0.4162210338680927,0.1315417140559851,0.20472981299600856,0.07413889689464706,0.3187785163504837,0.19015880209758512,0.09030929738808863,0.41230099991285557,0.10313021154400123,0.057743500709574846,0.1252899810475692,0.23958974087784563,0.09046688394341396,0.9999999999999999,0.12316179603697164,0.3564492837342432,0.12687905756971424,0.0048569698802320045,0.09793979428286977,0.44141040444346424,0.2636963366919445,0.06588641477006724,0.07482063249120023,0.1677226657164571,0.34488062008980813,0.09049416820058181,0.12639921310989355,0.08612250165558848,0.08257093986580165,0.5032798058496598,0.13654263186419244,0.10394889112847594,0.031997300705215045,0.24646640738793044,0.07780217765137744,0.12588590447425063,0.27037100289986077,0.07841936202990661,0.07885871542424006,0.0882707550082341,0.06861932229639126,0.10112191831336816,0.10283799259505914,0.08076255471145323,0.40208241877866824,0.05963220611636186,0.11131002537516774,0.0676669306588564,0.03469000701738802,0.06735363074346254,0.06168339452185468,0.13363438957554138,0.10850680088788456,0.22129209931376084,0.21591226935556562,0.28166501939604377,0.04287514179447463,0.11121425549239283,0.2582801275698092,0.12988696220659504,0.06822828921973556,0.16969234215092185,0.10259494769081343,0.2586234482386666,0.42211243978926555,0.1998030819054566,0.2140500986633091,0.13087923424631928
43,0.10941962110191865,0.06744128590406745,0.13951550389907277,0.0,0.09175759979351855,0.03448542833767215,0.023731733903524146,0.0553834793248964,0.16064854647762875,0.142401094670021,0.17583703940443784,0.0,0.026699152599698687,0.22028450274032707,0.21286167937439504,0.15977746512904428,0.11443442705426587,0.06673341332007868,0.17576543932391434,0.03787430491671777,0.015987256201597532,0.08969260692873186,0.0984025821176326,0.08313150937369318,0.0644735129971689,0.09637911759329446,0.059935783242117215,0.16719573363229565,0.023716967480092513,0.11592041601593547,0.10895899791419264,0.09456418480894202,0.04893685891021558,0.15057344751945811,0.07905164193941791,0.15885857347374635,0.15028330057581377,0.11309017055706935,0.29083323434776887,0.0543412557281502,0.0633516674247796,0.12316179603697164,1.0,0.10639217263690251,0.1247020215373796,0.0,0.0,0.11698520960760217,0.09385352901149373,0.0738217399230452,0.17270942410847068,0.0802466634039833,0.1309385024468537,0.01863846291147113,0.1724301962804527,0.17272043058086511,0.05968757448314661,0.11907701399283702,0.11761165158039179,0.09128607531683078,0.03259185343502539,0.06232979933389714,0.241997641330415,0.13613765401663547,0.1071982607730596,0.1387328664651384,0.016566828308886925,0.2055667366456208,0.05653220396685627,0.32034505814744957,0.12178119533221002,0.13877599719804673,0.10550763272711007,0.04923157301811478,0.062003765919415255,0.10449096503206998,0.30365666580594497,0.12541259625630863,0.03637500532948039,0.10446226408840875,0.00917549456119517,0.13352522600105227,0.1749711471615828,0.11845148759586087,0.1293357728093809,0.08831812251566795,0.057952227134295264,0.061549544961564895,0.034748031136415815,0.11682471772512923,0.16289908422853278,0.18395803968596147,0.05735794060764413,0.09761653780690574,0.20179415871881523,0.03458543877474645
44,0.20671784691639652,0.18804578566949792,0.27016103026521693,0.14840004304284843,0.09773259263595545,0.12668171385924495,0.17512783927501727,0.151637562243701,0.20140428621349288,0.42850680694033366,0.15672331844458715,0.11945027132281671,0.3614165704850114,0.05763866195566575,0.1959549312749018,0.041877921313039496,0.29063736753250946,0.35947714679184684,0.360529248029275,0.09234338637338195,0.13970214077641396,0.2673469678400265,0.30928306873816935,0.2730524827579651,0.2504661855891657,0.16543093731026018,0.1366502806392801,0.3081589663833048,0.23422418780897672,0.1574663002273198,0.21700130314090418,0.12151975824478277,0.28034261716699643,0.21329744437780188,0.16362498478715393,0.26767902970632523,0.14917113895774267,0.11029249870324098,0.12359665625280854,0.25544524625349346,0.12653454833053118,0.3564492837342432,0.10639217263690251,1.0,0.17825590746946965,0.02587316440763564,0.16154102073531473,0.3709177107140799,0.25248495891824113,0.10439348500589483,0.08781427634726782,0.14058609106691755,0.306811065539513,0.14469191960262762,0.10941906465986997,0.10858605649437907,0.12369837148591939,0.362373490573444,0.206644459062774,0.15902207440694335,0.032845101976405645,0.23689896947242084,0.07875726276154886,0.14017010916103995,0.2822751326969405,0.07035643414500342,0.06355083202820992,0.18730284715446816,0.05347967610211202,0.12891445212184766,0.1078052731609696,0.11272394845721839,0.2697086762048514,0.06996276435295884,0.21423618480307172,0.15072611909235845,0.04833081184651537,0.13741272393177995,0.06651589736485247,0.15892973145958025,0.12662137894613582,0.1863339519161334,0.2527489505894596,0.2120638900528607,0.0639690781641779,0.18542144356970658,0.19033999450788502,0.09977805811780595,0.09601718953259009,0.15098516654225114,0.17265786784119777,0.37304837817270353,0.27832103938035696,0.18532589645962078,0.23049913917396384,0.15144702538238025
45,0.11348893430422834,0.09505638102380923,0.0995586108358439,0.0,0.08706569319623995,0.187232619030848,0.03400662154074092,0.08426120899292884,0.09137825631144493,0.29796425489336437,0.1326027192133099,0.017405877293801622,0.05152186864634889,0.048247042989436564,0.08818088356502901,0.10589154428750584,0.08531543622882243,0.12940069675145324,0.10028165915705027,0.014472628744363036,0.03543273520403846,0.15572847322688194,0.15560441525584887,0.24315045512350034,0.08006956070587344,0.306119665908947,0.09212022637654552,0.1856492623017281,0.035774170367400625,0.04192282343753785,0.29583259174629817,0.04251189924028862,0.12910602700096635,0.3042296409196209,0.20185664710379775,0.19919042393857972,0.2169451185581486,0.23114632334069923,0.08443697398378326,0.058661190493493165,0.01742983584236686,0.12687905756971424,0.1247020215373796,0.17825590746946965,1.0,0.0012996804283763536,0.045492762947947775,0.24610260369424777,0.04750756861131243,0.06964086235704395,0.1290262359948003,0.02174361009467114,0.15955647615775567,0.16879562663478367,0.036019581804763445,0.12218252906405533,0.022807972530336763,0.15311106573091202,0.21834062146485303,0.0974303599672646,0.0,0.24951799107955278,0.07408039865922775,0.023878619162380384,0.11302720758865054,0.03445842845206219,0.08546255852167291,0.17413209162245746,0.02970307184855275,0.08053361442703454,0.02237276433144856,0.1336632663886944,0.15700628267077943,0.048374994401917476,0.10831104766928949,0.04503547767774838,0.04548536001525736,0.2692021887435287,0.06602363415277532,0.057214931934000235,0.04689494417311689,0.08254942205975306,0.12063947824675783,0.028289370721819536,0.013238069135276908,0.07363276941042865,0.008572202728775007,0.06951311078466355,0.03098202054915726,0.114499996247685,0.1732357592912137,0.21785494423266788,0.06190807793654171,0.11389387513178253,0.07988385834530491,0.13711474034052062
46,0.0,0.0024197939540682467,0.006131623911359875,0.0,0.0007521650735064462,0.0,0.0,0.0,0.004473388679235719,0.0012567359161354487,0.012743414216793331,0.0,0.0029217958091837,0.009799439190222593,0.010885192032238247,0.0,0.0023352951566112164,0.0020717464430743907,0.10223061618778076,0.0,0.0,0.033035728719805875,0.01984455777827608,0.00524130957896796,0.004899719595111296,0.01968802273932466,0.0,0.0,0.0,0.0,0.004183797197304811,0.0,0.029344425100838258,0.039821492219407645,0.0,0.00352538069532829,0.012182301407924818,0.0,0.017780476127096715,0.0,0.06470639594857487,0.0048569698802320045,0.0,0.02587316440763564,0.0012996804283763536,0.9999999999999999,0.0,0.004539774002237716,0.0026677323916165984,0.06732175285600533,0.0,0.0021289007509992246,0.044807695812864735,0.004079364138693806,0.0,0.0,0.040824073052033366,0.02017449560876616,0.0,0.005741266039423534,0.029722148304269044,0.002165397141660319,0.06340259596221337,0.13025654051301588,0.0028965771493773625,0.0,0.020144163895015228,0.0,0.0,0.0123005789526738,0.017085906053420932,0.0,0.0175225748570601,0.0,0.0032311056411758843,0.004432119061030605,0.008861432539423423,0.0,0.0,0.0038105754391969996,0.0,0.039599466940273956,0.023125359168523776,0.0015431694514897892,0.025274526006615724,0.005857580532784932,0.0,0.008980819490023492,0.0,0.0019518472386525214,0.0,0.008318706296835196,0.0022024247262848505,0.004747809296463641,0.0,0.0
47,0.13363706098614153,0.10556828899300957,0.011197850219117086,0.0,0.11218043968771715,0.08136424205859805,0.03513235243710814,0.1252616664521455,0.15113585517201467,0.07140336741758484,0.15902944786598455,0.27535043181484015,0.07559214727832968,0.008948090576801376,0.0839336920696449,0.0,0.09418148881638089,0.11665845619713494,0.098025546504145,0.0,0.0,0.08508267165534464,0.08171997679566996,0.2165076628905626,0.01193078743573517,0.05050844155690831,0.05323719882457022,0.18698205530646567,0.08870019104863677,0.25741209597352266,0.0,0.1029355846201256,0.18607681452581012,0.10135359783457026,0.1280420675972316,0.08986668718993282,0.048203723570562525,0.12264355141620921,0.07215891884582293,0.0422344394149922,0.0,0.09793979428286977,0.0,0.16154102073531473,0.045492762947947775,0.0,0.9999999999999998,0.16650572670174976,0.08255221703678112,0.040982014763022996,0.07756531388233245,0.04535877841382941,0.13354176948400165,0.07449920163841206,0.16592217801061107,0.22505346826942713,0.07455477732807957,0.17356584760418084,0.17376902183895782,0.0,0.0,0.12127276423085837,0.0,0.0,0.04077601045628145,0.0,0.18547377860894457,0.036709939116012724,0.11298152863771325,0.0,0.0,0.07176446271825597,0.011428758022062361,0.19326797651778443,0.011801583898516531,0.1645807904010952,0.0,0.02421655370074323,0.0,0.12371637380569979,0.10187520748140777,0.07472895753172722,0.0,0.046970102945826084,0.0,0.0,0.0,0.22475692012163262,0.14467733283952575,0.09802518337511243,0.0,0.08017999713148047,0.0,0.17196819087886947,0.21115633245705187,0.09792024566262048
48,0.24202239849715318,0.3090103952448675,0.2360263684255798,0.18292162076606555,0.19540730146227742,0.20252969372226348,0.24601667308986142,0.2444940728682929,0.29561308627020144,0.4974011082851738,0.24309194534616752,0.1364590778100196,0.37810573640249684,0.10183307018382426,0.3539519104161158,0.10396581242050391,0.32599098948224564,0.40708037213742654,0.38877097882158235,0.18641339029909015,0.11949847597736932,0.4049468019195508,0.33124061435072416,0.3463044891518751,0.29330792750129664,0.34043863336063396,0.17742083440245657,0.26618056375541616,0.2975688156779166,0.1773810972023617,0.19411502557342486,0.15146362056238025,0.3727630875833159,0.28036448997814833,0.21524916087789275,0.4369729978647223,0.20504842951441313,0.22852714649130568,0.15137244630377944,0.25676352942297953,0.13799984839125332,0.44141040444346424,0.11698520960760217,0.3709177107140799,0.24610260369424777,0.004539774002237716,0.16650572670174976,1.0,0.3113882497037668,0.09730200425250178,0.13520630279265033,0.22668233598013385,0.4032811764903083,0.09752064513617244,0.21358055149382205,0.25111586806273334,0.12896270000954604,0.46009224537764726,0.23559709373923998,0.22436143015553534,0.1065799587479363,0.33452229176796494,0.12955959558545604,0.15907066226734978,0.36247702237863944,0.16850824550470025,0.14041499910443325,0.17498952295733697,0.14525365050419575,0.12647396908842862,0.09877894338394425,0.1710219279291382,0.37233143930462564,0.12250578252414371,0.26412140666519557,0.18001291826417687,0.07003690759822304,0.1933044260370156,0.07950323107446586,0.2779327780925509,0.15216903424288983,0.33152374157176473,0.20815788618042827,0.22699116081290166,0.07090206372399702,0.21476092457924958,0.23754494343894522,0.18110248506990334,0.12136096157469844,0.31638714249139077,0.15958526141575954,0.4553618680338647,0.35646756342224584,0.2779601417056729,0.3224389640649399,0.16272445135335425
49,0.21087934637823202,0.21679259775493878,0.14326798683421454,0.1619381657032174,0.12614936530023954,0.11645905330645455,0.34332346107766304,0.22202608001277307,0.22828253000530518,0.18555270777343236,0.03470766888127244,0.11776814733653711,0.2638617606832319,0.08428271506412703,0.20024496949666887,0.07310393492449947,0.295421798280489,0.2876963567163395,0.30918170271440193,0.18442854130016,0.2307279413342645,0.1912431493826722,0.316257150053627,0.14221443989277033,0.19314788868862443,0.1415132885850035,0.09053868822443518,0.1609151727377671,0.26043276816852934,0.12664117755645254,0.06117258614260479,0.14349454670323614,0.21067105795300445,0.07627413372758868,0.10406936791364185,0.3237396922467976,0.08382173048546615,0.07563734348525847,0.15462494722306136,0.09803156577942089,0.09142907088429456,0.2636963366919445,0.09385352901149373,0.25248495891824113,0.04750756861131243,0.0026677323916165984,0.08255221703678112,0.3113882497037668,1.0,0.10012201129688353,0.10147129516834452,0.2677864420842327,0.2502297979836845,0.03898407729375132,0.18152906919002654,0.17689838254261292,0.14922533333333315,0.28683287075528413,0.0895850479357405,0.10122757380762287,0.0724294459371915,0.16109830158385782,0.08948694916762055,0.1388713198346727,0.22836725651980647,0.14387728863935076,0.07940868146009546,0.09245684933114989,0.05764314965269547,0.1137290240474556,0.08939576049526231,0.07455382574646403,0.3139742138979074,0.11952154751705682,0.18202446056476135,0.14930189688151133,0.08129614541211917,0.08154484846134605,0.05825005466934563,0.22668600325184537,0.14033710938597568,0.20662209859622113,0.10939273267040986,0.24885833129872345,0.15941226810299275,0.11251465978674123,0.2541551762699569,0.07867236252650561,0.18321098117716667,0.18093073380877756,0.012053723110025866,0.20987200125755592,0.3388611153083915,0.2375224904377846,0.21786770642831949,0.07640770888587567
50,0.024751911300843213,0.09847593379036514,0.06321491627742029,0.028960173359977966,0.060199882078905524,0.0867452711318191,0.07437438909532014,0.10150281030661229,0.1310752972132784,0.10285651673261184,0.07145237945120804,0.007513348049714744,0.05152567380396515,0.07178363520836101,0.1515988903850725,0.01976592443102017,0.10295693499295791,0.10609233879727019,0.11944049908083483,0.14290456900056203,0.0,0.0732537629738944,0.12588967093557726,0.0670372473687034,0.08773555414355234,0.08470079807274547,0.06986201887454377,0.09712313996479538,0.028413516369591496,0.05736163560068633,0.06583533950864662,0.14496901534215925,0.06037348045054824,0.07730331081247147,0.0699515194212414,0.1279264281400851,0.08923876798350885,0.028631274415686452,0.10773514379687736,0.032268034394217715,0.03260265621766904,0.06588641477006724,0.0738217399230452,0.10439348500589483,0.06964086235704395,0.06732175285600533,0.040982014763022996,0.09730200425250178,0.10012201129688353,1.0,0.16324374369185007,0.09674548092752576,0.0806220714004657,0.03689195585832753,0.0,0.05226989847834801,0.29720178907278666,0.08321916226043012,0.06415584929854116,0.026479943517919238,0.13708488736175828,0.03583668716036025,0.10056288898498415,0.15461017019013507,0.0962679337219271,0.27231192578974145,0.11067122958883042,0.11523739009950502,0.05175225056066653,0.15351253588774233,0.2503180893385871,0.018814084377974872,0.11036051300228612,0.027841796477487427,0.05785695250964354,0.10220939214007206,0.1250166164321353,0.046409123329047286,0.15074727715189692,0.025845862759146028,0.011350920604939073,0.1257001114838998,0.08909170951054457,0.09838795663306328,0.22400014628585757,0.054032821539613696,0.08510554544524693,0.012182780879557912,0.011463059274588192,0.09443626739727312,0.03041825974591628,0.1309013863477096,0.04381905038286034,0.03735525674575616,0.02586174864263176,0.03422826460205476
51,0.12102175224611067,0.07823448979805114,0.04897740214216441,0.0040601458771657465,0.14676803172629235,0.08493096394520776,0.019756626595515393,0.09135947077684828,0.2225590813403495,0.11281243453412877,0.09209590977212431,0.07373471874634069,0.022226997423504733,0.05591050603576961,0.07783857668108524,0.0,0.1445651853996181,0.09810855856353856,0.1281181540665973,0.12415052477652509,0.10381302808709605,0.09786705333439749,0.13187118081818916,0.06493480800947528,0.049201245311477265,0.10013383575573066,0.06541976873502003,0.15028502048421083,0.04052784259940013,0.12407598227519268,0.03341880075749993,0.07872451697691335,0.05971457272909829,0.1621743173393135,0.05109980304999596,0.16141476710224767,0.09591811326980496,0.13136841965525006,0.21506584661368494,0.0,0.04219212106802809,0.07482063249120023,0.17270942410847068,0.08781427634726782,0.1290262359948003,0.0,0.07756531388233245,0.13520630279265033,0.10147129516834452,0.16324374369185007,1.0,0.07166376608588335,0.10829593494274423,0.040342867454965015,0.0956985560783501,0.23053846289360558,0.11956608227774818,0.08879542824087577,0.04702835461371885,0.06420309196326572,0.18088440313413506,0.03607552095756119,0.12132278685010736,0.0575961485011181,0.14625831701073724,0.051972689930237174,0.039076923440161414,0.10890341986095428,0.03647379403143183,0.13334334779891463,0.05654031300057662,0.1345221326781797,0.11354269895171652,0.060014039429374375,0.1216710606031999,0.14262075236384836,0.10111745536935049,0.21153515879185925,0.14762537276253657,0.10725640229569336,0.02005128045449996,0.08585490997105916,0.06966499494186135,0.021130854512855117,0.18265752231227506,0.053472495374640217,0.02490071061757346,0.06376519341372132,0.0,0.13140746357529243,0.07164470951519711,0.2069352524583372,0.031833589557895586,0.10401996219041204,0.12085847556054143,0.051106362226593594
52,0.04402823408613323,0.25051063303821364,0.12204611386255829,0.056474400704698086,0.08260067460030643,0.015289556594858393,0.397351487310849,0.19258804168614527,0.14046825297125742,0.0995549830092351,0.0721589486036726,0.0744457837641388,0.2373052839153548,0.03531107781990076,0.22600181263205682,0.023439502972796802,0.13123314593501753,0.1728568813187009,0.1865705772916354,0.17927991821791026,0.0,0.22456301206671464,0.14071140179470737,0.08608094614222157,0.13031469195439566,0.11872156868431258,0.020841802035965227,0.06218441366735429,0.14688755196285994,0.12956672772197825,0.0437916104346394,0.14391291784938362,0.09189225969338122,0.05183614190327988,0.02212061271606262,0.2695665659933191,0.01672283036534514,0.0353929245188696,0.06813768768877865,0.0484692300436303,0.036481061271439144,0.1677226657164571,0.0802466634039833,0.14058609106691755,0.02174361009467114,0.0021289007509992246,0.04535877841382941,0.22668233598013385,0.2677864420842327,0.09674548092752576,0.07166376608588335,1.0,0.1569740656335511,0.0,0.15253851388772127,0.1840548002433184,0.06888228585176388,0.17026057865528765,0.04927051933000573,0.10738030338102092,0.13090014399023758,0.099949424113521,0.0820125320351642,0.10476863297723468,0.26528545868806624,0.13025434076808334,0.02851633130721012,0.03599137030397763,0.06723123741442621,0.062264144575701404,0.0571693273559378,0.08924303808748926,0.26147448432786397,0.04182065823436375,0.026612327040969982,0.0730084466651722,0.06082111589125856,0.02935170678628908,0.04126697808713728,0.15692504526916867,0.04307371518161253,0.24257610193189288,0.05396570462821294,0.14828325181497592,0.1546806539933493,0.04221414675155634,0.21413177311558557,0.06335277444993961,0.1178104728489526,0.14903775243536915,0.03847639330228405,0.2084006666928796,0.28343455387263805,0.27780374909560673,0.1771943983018827,0.03517776486165821
53,0.17418098631512482,0.25145103194667695,0.12302423048979753,0.14724092819462836,0.27334221528145475,0.15222613923883674,0.15704504553789356,0.24846244079867386,0.24996372152025842,0.35237978929726654,0.18877888807010446,0.07732562153388133,0.21836915168864163,0.10862971814282121,0.24042123002627835,0.12424838233699048,0.3534632074742755,0.36410351317881445,0.3301985964658543,0.13210243235738867,0.07430087660699626,0.31516065604988924,0.3921573715578529,0.2277863701742975,0.22979363453289106,0.24984909472740743,0.13233044932851554,0.2338755655794331,0.20624317876893825,0.14013929049407617,0.10618820956375312,0.155723974216765,0.3639293338437903,0.1992269363907266,0.19484252188131393,0.36935811203525315,0.0989918661969596,0.15880224201043608,0.20839884437019732,0.15560741857227908,0.09783331803476963,0.34488062008980813,0.1309385024468537,0.306811065539513,0.15955647615775567,0.044807695812864735,0.13354176948400165,0.4032811764903083,0.2502297979836845,0.0806220714004657,0.10829593494274423,0.1569740656335511,1.0,0.061385936414091596,0.14302674743503796,0.1843950799571209,0.15016645046018506,0.4660120000195666,0.25349214568535905,0.1537814974317555,0.0566524831377683,0.3294315018810445,0.1971759247256941,0.11556362309033669,0.23173996893509435,0.11296025312821936,0.1265558244880382,0.15650205914963147,0.19161981658386412,0.19157653506415598,0.09984333894155516,0.12069999653930663,0.30181744474651906,0.1171044371098278,0.1570471615129756,0.19408001579785933,0.1302346996257252,0.1570378486012181,0.0944267900330323,0.1350704438122651,0.14815983389725237,0.2461023738978221,0.23315229826744577,0.1524877654549005,0.08029167585435619,0.12457740541088533,0.153240209556974,0.1371447469502184,0.0667583797007332,0.24900281941978064,0.08491922202645397,0.33367213578114713,0.3080356072446181,0.26005850500197447,0.23906862632877848,0.1586793883516004
54,0.08624097212075943,0.032708838121857285,0.2029498398438918,0.03899650645947244,0.013189836336829821,0.05055271040560367,0.0,0.0,0.00784445683911974,0.1675798886344695,0.06238434279825173,0.08296060390627943,0.021348376999829534,0.0,0.04135751543433035,0.03193911818844064,0.07358442294340022,0.04541223309560906,0.08419464856062368,0.0,0.0,0.061969332041683,0.06332919444491229,0.13950730667956257,0.03007222169876886,0.0567189452546299,0.14164221129415233,0.12400050690154574,0.03992389773555081,0.01986188834360124,0.22376734421758246,0.029651992980945917,0.18653479743396234,0.08728784803410371,0.11898147206521936,0.14295982468368654,0.03337917587761628,0.02944095037017852,0.04547015477317789,0.0,0.040524290790181196,0.09049416820058181,0.01863846291147113,0.14469191960262762,0.16879562663478367,0.004079364138693806,0.07449920163841206,0.09752064513617244,0.03898407729375132,0.03689195585832753,0.040342867454965015,0.0,0.061385936414091596,0.9999999999999998,0.018383129440051972,0.057068404653616525,0.0596569889958792,0.13131243516603908,0.12588179732681745,0.010067784598555488,0.0,0.1746713329031916,0.010690547419091633,0.0,0.03730175177175488,0.04622059202854949,0.12694726589018893,0.16896685665894862,0.0,0.026962602517170475,0.0468149197831016,0.04256149887213689,0.05144076479688553,0.11247164676970856,0.01558152980800679,0.0,0.0,0.06278316431644082,0.0,0.036195028088049426,0.16140595320612505,0.026908363764358317,0.026358948815163766,0.04059112797592162,0.0,0.02567937919433703,0.029895499811496574,0.10608438256173187,0.07872184407878083,0.06488917058291858,0.28262332378566307,0.04984075877114553,0.012873779399009118,0.046831927928906364,0.0754526561988861,0.14725847136906722
55,0.14954718833119782,0.1755622890755655,0.06963106238227913,0.0,0.11795582124771885,0.031178585985157686,0.1462914143784001,0.16690900626010574,0.2648859791718259,0.12855733341885053,0.2262606305438207,0.04991832555818659,0.1896004332374849,0.10598378744279185,0.20209719350791408,0.049246446666192295,0.21468362381410533,0.08472473264128641,0.16057545413298335,0.15175653314264242,0.04730472703803727,0.10735908135536999,0.11046857967867187,0.1842304387075258,0.09406061135547777,0.10950772992512943,0.052546405625547174,0.17565996462997344,0.1514328234985413,0.330747271346267,0.028280615365808327,0.20665423121097676,0.16066780291195,0.08353726881272683,0.0862242000973398,0.18468258937911725,0.05928981118852068,0.07003731994750842,0.10416305530677189,0.05359681979841455,0.08747731351357965,0.12639921310989355,0.1724301962804527,0.10941906465986997,0.036019581804763445,0.0,0.16592217801061107,0.21358055149382205,0.18152906919002654,0.0,0.0956985560783501,0.15253851388772127,0.14302674743503796,0.018383129440051972,1.0,0.31255083787994364,0.0,0.148616179642559,0.06576403858839269,0.038808414680881455,0.0,0.12236636724978836,0.1134071302463504,0.110059562743101,0.12726725805353542,0.11402693871680372,0.10893249822868488,0.02835673019882922,0.1338186087112839,0.07483181740388337,0.0,0.17999982421900745,0.08544949345998672,0.14220304128523056,0.061154359137940734,0.1677713023965001,0.04791948623110739,0.051629023023157215,0.0,0.2610123899717668,0.06674225226330766,0.29872513420311264,0.05002149823227525,0.16689826831936133,0.0,0.039594649121294005,0.14566153409601654,0.14839332610406686,0.1285200308365858,0.18734944008156756,0.06820789436563182,0.13870256316628077,0.039699774228274066,0.24262373970773643,0.3536715249835551,0.08101515274075587
56,0.20197390194537995,0.13608419815773076,0.08749413445662785,0.03733223258960227,0.30809701731492767,0.10910928302695753,0.14653765191233759,0.2405475199696738,0.35070181963916,0.1388910868934965,0.27668191635089806,0.030993190924053088,0.116901249525712,0.15792720876776312,0.2533918692848362,0.05197926135426051,0.2572738226007244,0.17172290030381646,0.15326672004003403,0.19714203299315314,0.08811139518238478,0.1605097993283957,0.1778376218464815,0.18414668332497808,0.09459181775152481,0.1260665384203854,0.07911540204940262,0.21219139689647307,0.08331969834727052,0.29028394746577746,0.04495055962522081,0.18394464763388882,0.1510694619575789,0.1383105432129052,0.12358544817508138,0.2208232893796905,0.0368117403272057,0.16347000638428988,0.2089420881606374,0.013310834851606152,0.04345019267265847,0.08612250165558848,0.17272043058086511,0.10858605649437907,0.12218252906405533,0.0,0.22505346826942713,0.25111586806273334,0.17689838254261292,0.05226989847834801,0.23053846289360558,0.1840548002433184,0.1843950799571209,0.057068404653616525,0.31255083787994364,1.0,0.05711097713596663,0.2415673804968194,0.11115226909228326,0.11758502253446625,0.026611136895795792,0.12904774397388274,0.1481926850541435,0.12300041328208292,0.1592505382741785,0.09911554723970224,0.127658784957778,0.13028492081273976,0.18001756987986317,0.17035857779443506,0.03872186681929481,0.1769500616970227,0.11608782515698449,0.19380894610010338,0.10360221224644836,0.32291309134841245,0.12347144544442068,0.21103089203048037,0.02784381326507676,0.22922515643491637,0.08709170927386531,0.21405713865964918,0.06599665320960282,0.14895873190446005,0.0608155620601567,0.06293362478661722,0.09616197111854327,0.15160256227330482,0.0939810860433278,0.23209618855492134,0.10163707707563423,0.19318221332128546,0.0868867276016155,0.3148290989772955,0.3218236786701044,0.0910704283430268
57,0.0662924822333826,0.1123546297935946,0.11701859435446448,0.07805119495830758,0.11219724453963316,0.058638898508418524,0.1392586372390512,0.05498605008519087,0.15406230879997238,0.10108240645806522,0.15654310439505376,0.14377065639465827,0.07370684426067071,0.0945832023325811,0.1353081253171033,0.0,0.1075774358647438,0.11815988648309998,0.1062940226273141,0.16857995748780497,0.03070268954547796,0.16653616826914416,0.20485313104284408,0.12318650981637776,0.14079999438145596,0.07033460111926965,0.08206455922490996,0.14736044948189606,0.10387956950858916,0.02650227349566413,0.04221711694851542,0.18397950111599337,0.11479375123300822,0.09563643464890847,0.06251187132847479,0.15369979015723528,0.05611884838992928,0.02314943167168852,0.17551571813637015,0.06957302671136709,0.06488723443570481,0.08257093986580165,0.05968757448314661,0.12369837148591939,0.022807972530336763,0.040824073052033366,0.07455477732807957,0.12896270000954604,0.14922533333333315,0.29720178907278666,0.11956608227774818,0.06888228585176388,0.15016645046018506,0.0596569889958792,0.0,0.05711097713596663,1.0,0.22262997848983682,0.07262128815358788,0.020150590138548825,0.16299726630521674,0.10497598251418422,0.1818748819032968,0.14643791087887453,0.09292682312599511,0.27938063576640976,0.05523563797069342,0.10122568421454124,0.07237809439506725,0.1538014832518043,0.1499194984451569,0.030423749529967924,0.15375102882016584,0.028138887384782887,0.0708779703625109,0.175974649358449,0.17494702445044827,0.054103611072078034,0.0764053233668488,0.0376151842021951,0.14775990931980398,0.10771374858225713,0.05681547272819124,0.16587075165248394,0.1459986941819157,0.03212316970605599,0.13463010705390635,0.11163586691051823,0.009268302331670152,0.11988475805837268,0.05533711788398151,0.11617910297940194,0.08535241313639874,0.09789967167102244,0.13591609768171464,0.027674802774815432
58,0.1850583979631241,0.26338672263681473,0.20347785766839657,0.1942347767974547,0.24710982046969515,0.10158042064384144,0.1498633146780275,0.2162755391816007,0.2585987565868558,0.41496240782059035,0.24527621781529493,0.12804709223295052,0.3125336100728489,0.14438625088425922,0.24539215094314057,0.024781191400924003,0.43088186665088113,0.3911924961885105,0.4023962076699491,0.17880598652464497,0.054962319406640696,0.38686395146507785,0.44393436897061733,0.30885493716879653,0.2575538529286786,0.2232579254686425,0.19025166028421975,0.29449816304372484,0.3433101637981667,0.18492730590340486,0.19854013344502142,0.17821726981775107,0.41272650761041624,0.2294355202888157,0.22538697726449566,0.39469403858682545,0.12572781749869316,0.10442464897034509,0.1876342664298431,0.229247827781771,0.10184246487928578,0.5032798058496598,0.11907701399283702,0.362373490573444,0.15311106573091202,0.02017449560876616,0.17356584760418084,0.46009224537764726,0.28683287075528413,0.08321916226043012,0.08879542824087577,0.17026057865528765,0.4660120000195666,0.13131243516603908,0.148616179642559,0.2415673804968194,0.22262997848983682,1.0,0.2645644016832876,0.13222354280703263,0.04274092744210656,0.3354362960554032,0.16767375505327817,0.14426549201744987,0.24775670785249296,0.14162874374863588,0.10862861912833421,0.2164761030636929,0.14918500997521816,0.16858434848346454,0.12190404633770917,0.15096216404333698,0.387726833094687,0.12132025472687136,0.1430370795736424,0.21679564272747945,0.09704195178473549,0.15973550731351527,0.07870854659672644,0.16944821942785065,0.19576334836187426,0.22260985825980847,0.19154671795237496,0.25195348365372644,0.06598047158047049,0.15667328783697,0.2213196978250774,0.2251769943856468,0.11076659751181644,0.2234634847532153,0.15775437293405636,0.31433594460787245,0.3571539330953965,0.2602824924087247,0.29348305988111667,0.16327912850425894
59,0.16829467601223216,0.21698358293786957,0.10017043473191528,0.09009800793537837,0.17694557433594285,0.19237923955792477,0.06364102456749385,0.16257856706918783,0.1349550665760296,0.2735172680624462,0.10316733177799121,0.11260109260788505,0.11137576409576651,0.141946815432618,0.08180088008255162,0.03768973373491027,0.12939544580664067,0.16697102452713436,0.13097007592560497,0.06394955418354344,0.0,0.11970145820279485,0.16241502496193094,0.22303442104778146,0.06830523449389136,0.10047330686274794,0.304789551326552,0.29891081241484785,0.11951612934359704,0.17105633349602828,0.1749744509391456,0.14364649653340275,0.28497117132504063,0.10206926287083509,0.3668978252576871,0.16174047949027096,0.19968186794565926,0.12224924485102434,0.10263418696731044,0.1360110330703413,0.07248605391110133,0.13654263186419244,0.11761165158039179,0.206644459062774,0.21834062146485303,0.0,0.17376902183895782,0.23559709373923998,0.0895850479357405,0.06415584929854116,0.04702835461371885,0.04927051933000573,0.25349214568535905,0.12588179732681745,0.06576403858839269,0.11115226909228326,0.07262128815358788,0.2645644016832876,1.0,0.02876327236867568,0.0,0.34785829971525517,0.11579584378486568,0.05319901578475307,0.11278047951882525,0.08910534651490616,0.21390781536821613,0.13306892394811934,0.14261774404066208,0.10047536826751606,0.07164263223273912,0.09969407489014406,0.07769937659522012,0.1620606534687808,0.060879356187641336,0.1351581504591471,0.06176702725611457,0.17287019974612428,0.028902604572545253,0.11343731852723393,0.29344673542919214,0.09445093141422356,0.09721842516608603,0.10000077679035171,0.04404288837585583,0.11929786325845507,0.07352711934185671,0.237463951084892,0.08858161643498129,0.11656368337163098,0.1660678646835402,0.17516015483744146,0.07755759689294806,0.14426808269958916,0.18687134891542745,0.34522582817487985
60,0.0474945212952482,0.14108850964934333,0.06128750953688915,0.0,0.06891615943355545,0.05627120442811565,0.04272991577073118,0.06925008491277494,0.09356593949232168,0.16632317759431126,0.07076357400355342,0.0051259663535452235,0.2298484062456372,0.03627721365371692,0.15782849218414383,0.07585459622888785,0.1059035620590601,0.14092779282115342,0.13289659631514397,0.030367715629237187,0.06260885518295273,0.12347315670869626,0.15611083990364655,0.07414779815154803,0.12334252642263752,0.11505328968084565,0.026079874883982702,0.04008445833111119,0.02781335195059221,0.016772082287675242,0.07434376691852355,0.01126763709220005,0.048431825848347855,0.09785498769214529,0.02260623845399046,0.17006885946045056,0.05524565533071617,0.09589235790770165,0.10092823158924416,0.12750238638199995,0.04277518381085638,0.10394889112847594,0.09128607531683078,0.15902207440694335,0.0974303599672646,0.005741266039423534,0.0,0.22436143015553534,0.10122757380762287,0.026479943517919238,0.06420309196326572,0.10738030338102092,0.1537814974317555,0.010067784598555488,0.038808414680881455,0.11758502253446625,0.020150590138548825,0.13222354280703263,0.02876327236867568,1.0,0.0,0.08777773675103093,0.07583080714462556,0.036165419200974006,0.13470815115415838,0.03903030565256621,0.0,0.07473798137137132,0.0229024003396878,0.09221111659440384,0.020556732075072175,0.06546294016545656,0.15695743494688308,0.10684692423351932,0.1214087255591257,0.07875630937385492,0.0,0.11413237397786886,0.13354762530669204,0.09874640749084643,0.011616213581019304,0.1531927917658695,0.15152854515349748,0.03570477785060411,0.004678274757055747,0.17130816378556807,0.00378672290012497,0.011082236479753992,0.0,0.1956954102550887,0.08404882198787363,0.146792299745103,0.11686406145055928,0.17839883306063725,0.0872403966416636,0.008757061342498153
61,0.029140852588764192,0.025763870517103802,0.0,0.0,0.03483655017402035,0.08036199786082197,0.08525798276912354,0.03465529328205699,0.10287814053886762,0.024754176082506043,0.008140850338318269,0.082558881056403,0.0,0.07825195674594414,0.11589609834378761,0.00872653655596774,0.06713334134052729,0.06203858069262316,0.07266906629847669,0.11032394541017197,0.0,0.04464339392896502,0.035421755792252506,0.014349837985762896,0.09390234809513297,0.02425614620558807,0.0,0.016939962932766554,0.027634032427231177,0.0,0.016036361802122027,0.0,0.0281190623971603,0.040570955896932326,0.0,0.06967471632955101,0.02918398403217195,0.0628196293031862,0.13251777852017838,0.012663238031494802,0.09448288035805541,0.031997300705215045,0.03259185343502539,0.032845101976405645,0.0,0.029722148304269044,0.0,0.1065799587479363,0.0724294459371915,0.13708488736175828,0.18088440313413506,0.13090014399023758,0.0566524831377683,0.0,0.0,0.026611136895795792,0.16299726630521674,0.04274092744210656,0.0,0.0,1.0,0.021441404413092773,0.07944889094032165,0.15602161985357416,0.11218139152779535,0.11315207029257981,0.0,0.046898606663093756,0.026347597076468388,0.11394034393452783,0.060032257399819995,0.10189067352505075,0.09394890568917953,0.05736259858551177,0.0,0.16421899233054607,0.08774443962340947,0.0,0.12185013633258501,0.06491473179925704,0.005345453934040676,0.13660514938225007,0.059092511569691655,0.04929099587254988,0.20720797447528716,0.059871787137495136,0.10890894374926538,0.0,0.0,0.11325960623833176,0.0,0.1461411282737113,0.07738338702008017,0.0,0.05751191281659766,0.0
62,0.12579053696338416,0.22918391509512961,0.14810993803954398,0.11612711820120869,0.14440374264617745,0.11819269273350357,0.1092877990337829,0.182830327718866,0.1642687569630282,0.32637700973995376,0.1435299385906348,0.12051080581745643,0.16760158561977212,0.08004232152811433,0.19074027694914913,0.03242421352566927,0.21662952549480974,0.21568485503480597,0.19616340389488138,0.08861469461982083,0.03989915813664488,0.19226588955256696,0.25018626971052904,0.2898517420752438,0.12519440033884546,0.2613453095407494,0.2272543451780644,0.21937110731009968,0.20344604565125818,0.10648464695184477,0.23454099446084103,0.14449128563212005,0.39350284938521246,0.17830563516230472,0.24418239903445504,0.2876472578300206,0.11949184226768758,0.12189657784218647,0.059168527512337414,0.14703554326299878,0.09357283022726393,0.24646640738793044,0.06232979933389714,0.23689896947242084,0.24951799107955278,0.002165397141660319,0.12127276423085837,0.33452229176796494,0.16109830158385782,0.03583668716036025,0.03607552095756119,0.099949424113521,0.3294315018810445,0.1746713329031916,0.12236636724978836,0.12904774397388274,0.10497598251418422,0.3354362960554032,0.34785829971525517,0.08777773675103093,0.021441404413092773,0.9999999999999994,0.10691187055083815,0.08866184154773929,0.2047447263982809,0.08891371951339783,0.21903317265399166,0.13398667545181425,0.11697229441612572,0.06097004196322636,0.04413390241933434,0.1307130602850897,0.1568436474922077,0.1567174827131791,0.050076817920580434,0.10210757230978439,0.03588099861216627,0.10220093257870858,0.051527231797643555,0.12237169846753851,0.25411041741087387,0.21203975612528816,0.09751198956832605,0.1255082098290302,0.027055289721485406,0.08137742376665032,0.10521179557624807,0.27029485297876166,0.08259061507766811,0.16215314573052825,0.15028226216275442,0.16590059771420884,0.15375656443429983,0.12363308053771414,0.1770895872314369,0.3289634273747116
63,0.04662194208925489,0.06848723188554433,0.04242158651023073,0.027973587499569907,0.25073083388391143,0.06346071465009719,0.06465660994848135,0.12588967130779943,0.14700822752157183,0.12119907801416904,0.12890820912991494,0.0,0.018376744366037232,0.2403723677803074,0.2019653298949332,0.21335934607463627,0.13815830870176346,0.07858915962530608,0.21417290428107771,0.10997641484251963,0.09536678115013579,0.16032982004872914,0.18079543285711902,0.12538630396106631,0.21263709457488728,0.07252815522592457,0.08250633145795319,0.1021535091528671,0.06157350255845208,0.08548585326183089,0.010525659778489965,0.07231947588879407,0.067288543677563,0.09014356570880101,0.08801683825383258,0.20891136772861515,0.043099336000356064,0.03469557504456294,0.4939201250749706,0.04675313951054679,0.10319680235628781,0.07780217765137744,0.241997641330415,0.07875726276154886,0.07408039865922775,0.06340259596221337,0.0,0.12955959558545604,0.08948694916762055,0.10056288898498415,0.12132278685010736,0.0820125320351642,0.1971759247256941,0.010690547419091633,0.1134071302463504,0.1481926850541435,0.1818748819032968,0.16767375505327817,0.11579584378486568,0.07583080714462556,0.07944889094032165,0.10691187055083815,0.9999999999999999,0.24193576930671706,0.08824407037950696,0.10609818306560534,0.03959296081739996,0.12862673706729297,0.07376785724987917,0.4719262122862905,0.12895493661217872,0.06651371144255527,0.16039329817984946,0.046390960350683734,0.08281280264991088,0.14565199092827358,0.4389077104082417,0.12885473704056796,0.06780727272804599,0.05492381857308995,0.07960030207483038,0.103360868224521,0.25380643567643507,0.10919049934518589,0.16161449759838,0.08381435001521383,0.03538443188846926,0.060407784550280515,0.0,0.15601025058840023,0.0784499434042445,0.20361517313752053,0.06464375376543662,0.08211919293959981,0.09909017655261725,0.032235655475186004
64,0.06734655730504566,0.13337433653473685,0.1625441983603734,0.16343011261515333,0.0977221362372161,0.0509016460326587,0.14579568435030413,0.11979867815106031,0.15146104004041455,0.12039584007364829,0.11929518439640274,0.06057122964891462,0.16359995169967761,0.15432172268942523,0.196180867566964,0.05736572862117752,0.15629912583603608,0.1733250704358144,0.22489379217728594,0.20397310995765794,0.13775969219449594,0.16174351309074714,0.09344733780733451,0.1198798517424077,0.2006182394962528,0.06643870545992826,0.06376015955623453,0.15195784294333764,0.16134111174706176,0.11891287353862348,0.017569734439918203,0.10651566348113081,0.11296180343670455,0.06937849204991298,0.06767235356251688,0.15903522338174272,0.019184707441917036,0.0,0.21467220051027247,0.135272257389491,0.20865183677632565,0.12588590447425063,0.13613765401663547,0.14017010916103995,0.023878619162380384,0.13025654051301588,0.0,0.15907066226734978,0.1388713198346727,0.15461017019013507,0.0575961485011181,0.10476863297723468,0.11556362309033669,0.0,0.110059562743101,0.12300041328208292,0.14643791087887453,0.14426549201744987,0.05319901578475307,0.036165419200974006,0.15602161985357416,0.08866184154773929,0.24193576930671706,0.9999999999999997,0.18911360771225533,0.2590118838264043,0.01982691314059179,0.0894614391443298,0.10825092907815714,0.2066236917936159,0.11435437497937309,0.10010595327784955,0.21435074354604242,0.016834158058938786,0.013568934005537542,0.13610430750194,0.23025746564846686,0.042808784275700236,0.034826416147225786,0.15669017195548884,0.09004488900458077,0.14550970676404748,0.12989033893004598,0.3949051733888653,0.21449051364929803,0.08609558577723946,0.2881642047525644,0.09035811098494695,0.055447844918609615,0.1468580005819513,0.0367839620445944,0.14847020013450976,0.16185782327572873,0.07476857556932238,0.12648554672467166,0.04387477351698095
65,0.17572047532808663,0.26975649201359675,0.21902166798610168,0.20663442343086874,0.1317026667427263,0.12910055645597307,0.26358083990024866,0.18124074910473598,0.2433395482452253,0.25208185628251334,0.16016116303445796,0.02155122364155869,0.24670530442020955,0.056051527029855205,0.29309680294947943,0.04677453785423541,0.19695625437517167,0.251815096440738,0.2814395870370069,0.1421232326709524,0.08441446956749404,0.20431125764733432,0.18089109187298832,0.21632520394337437,0.28426131565140855,0.25477448358058347,0.07543043082321356,0.1470321273172559,0.24131409302071452,0.13750477455423168,0.11086300042439809,0.14290793961205658,0.24920040830545742,0.1606919274468564,0.09900411677973175,0.3400224880761598,0.13082999179131016,0.15678543493334304,0.10723683217316535,0.20825404965657307,0.14998717234077466,0.27037100289986077,0.1071982607730596,0.2822751326969405,0.11302720758865054,0.0028965771493773625,0.04077601045628145,0.36247702237863944,0.22836725651980647,0.0962679337219271,0.14625831701073724,0.26528545868806624,0.23173996893509435,0.03730175177175488,0.12726725805353542,0.1592505382741785,0.09292682312599511,0.24775670785249296,0.11278047951882525,0.13470815115415838,0.11218139152779535,0.2047447263982809,0.08824407037950696,0.18911360771225533,0.9999999999999999,0.20282272138485077,0.06113821299856472,0.04835764818486461,0.07522586925666876,0.10266484153015165,0.13761863669261337,0.17565984952383668,0.26846481954433943,0.07861334139384608,0.12974772346657326,0.12468626260634537,0.06309920929182199,0.09148098251731746,0.04065871504414586,0.19942598232306358,0.06593174034050106,0.27041784798535,0.15386983523686537,0.19454833545480898,0.12293114433466298,0.18393344056716854,0.2587099153572079,0.0920217939785741,0.0863114220281252,0.21379281984133086,0.042535095298243834,0.27675201884434464,0.28365990926926554,0.24552014907978467,0.23738118349208417,0.07437139776680138
66,0.11784092972773423,0.21714338271974232,0.17507296227125427,0.13303821564758142,0.05011105193207077,0.07126557420964189,0.2550216068287362,0.12716918568778374,0.13624134705127172,0.12074882390092576,0.14554234301619623,0.0,0.15095855662297553,0.1065897602909973,0.23087928548615422,0.0,0.14843888041844372,0.11619430190286342,0.17595567014099162,0.291160043246571,0.0,0.15116208461667302,0.09364159273694195,0.13132752472161996,0.17320836047287058,0.12925431155411796,0.03302927807946484,0.0865294618544261,0.10524703851382206,0.08213292636386628,0.10239232535128952,0.08828423249685449,0.11769876279583374,0.11668736313560503,0.055351401407981,0.19532503525428035,0.0993813443037874,0.026088061219176145,0.11281697316384835,0.11319685638983822,0.16338673697548417,0.07841936202990661,0.1387328664651384,0.07035643414500342,0.03445842845206219,0.0,0.0,0.16850824550470025,0.14387728863935076,0.27231192578974145,0.051972689930237174,0.13025434076808334,0.11296025312821936,0.04622059202854949,0.11402693871680372,0.09911554723970224,0.27938063576640976,0.14162874374863588,0.08910534651490616,0.03903030565256621,0.11315207029257981,0.08891371951339783,0.10609818306560534,0.2590118838264043,0.20282272138485077,0.9999999999999998,0.09859979756173766,0.11407545049892474,0.1051435389993449,0.13881229085419866,0.16958410763650883,0.14142889931309358,0.2110162251584955,0.08720493982954361,0.07292618953452656,0.07592874817869533,0.1686771473126953,0.072477553033269,0.0,0.1657924763858018,0.06257308771467693,0.20351921362551154,0.07923431427135119,0.31472348582228565,0.12371142136794554,0.03185682837328653,0.22252309125256964,0.16552270113131506,0.12925485689835056,0.14507503840131405,0.0762198664301548,0.1500520333246197,0.06488098765987386,0.14201696380099843,0.216008305938263,0.03859501496973986
67,0.10924324483390467,0.22132380359204776,0.019910849646500056,0.04766039944200232,0.09098163226254921,0.01276530099551489,0.03279606005107727,0.12148758223776078,0.09587267688877268,0.13569066168375468,0.1006935584704294,0.10041784160621889,0.05139208719694818,0.03023006710772091,0.04830732406006,0.0,0.08104611286584783,0.08451366981385822,0.045573540901624784,0.01682369367805095,0.0,0.06962554511577214,0.07533797194615346,0.13311904072165073,0.03500323559841369,0.10822726818161582,0.15540153884379815,0.16145222725607708,0.0687549425105093,0.0760114489299385,0.08151474208258425,0.04392703760542003,0.25846969839575856,0.08862187888486908,0.18893025326984964,0.09444397428563914,0.08406254970536044,0.05296033677105104,0.03849163961865698,0.03620742251750839,0.03752091905376201,0.07885871542424006,0.016566828308886925,0.06355083202820992,0.08546255852167291,0.020144163895015228,0.18547377860894457,0.14041499910443325,0.07940868146009546,0.11067122958883042,0.039076923440161414,0.02851633130721012,0.1265558244880382,0.12694726589018893,0.10893249822868488,0.127658784957778,0.05523563797069342,0.10862861912833421,0.21390781536821613,0.0,0.0,0.21903317265399166,0.03959296081739996,0.01982691314059179,0.06113821299856472,0.09859979756173766,1.0,0.03746147715228791,0.04603774392834011,0.03495005710202056,0.051320872425508514,0.05629591969407015,0.024893746635216648,0.07393659519074294,0.004196869184636156,0.0611666410790975,0.021581393464728864,0.02131437859742205,0.02692951279001682,0.02268539169684048,0.2044661447238154,0.07008097346338896,0.004505614395945598,0.0250552018289644,0.06429007182143484,0.0076083860958576196,0.042073384680465994,0.25841542496135034,0.032585018693215964,0.0559866816569469,0.06098218734625667,0.046822237532575216,0.01311163324169936,0.04702268129571087,0.10661808877983116,0.233514341715072
68,0.15712991198109605,0.061363851898205445,0.17829818522372193,0.02255764074285319,0.13415553317762607,0.0957022690302227,0.03414918565442789,0.10373001010330349,0.17999339066134118,0.2245044745008257,0.18240688566430377,0.020287947420500205,0.02881440277339839,0.19217734017015195,0.10060085115263184,0.03079212384008167,0.10906540892748143,0.1300307390561265,0.17383094469624233,0.1109461860184248,0.04140924587452634,0.1922545138751317,0.1697203512950735,0.1892456613043744,0.11431238337707314,0.0984277085202884,0.10103058762892686,0.23834765540634378,0.013086652632034707,0.10340249529165471,0.23270702248647807,0.0983397397192102,0.12815897343438323,0.19500322106195064,0.18009253591160365,0.1750761001422777,0.1266623154539822,0.09163870590058659,0.20240277748120072,0.047754975937490715,0.050008302848911196,0.0882707550082341,0.2055667366456208,0.18730284715446816,0.17413209162245746,0.0,0.036709939116012724,0.17498952295733697,0.09245684933114989,0.11523739009950502,0.10890341986095428,0.03599137030397763,0.15650205914963147,0.16896685665894862,0.02835673019882922,0.13028492081273976,0.10122568421454124,0.2164761030636929,0.13306892394811934,0.07473798137137132,0.046898606663093756,0.13398667545181425,0.12862673706729297,0.0894614391443298,0.04835764818486461,0.11407545049892474,0.03746147715228791,1.0,0.06013940304410528,0.18300004300879613,0.0722139314689769,0.1266162212804541,0.1576409806286142,0.0759028035394834,0.07756797764616977,0.14386515364863162,0.16928767711433354,0.17956788848241734,0.03505073972366413,0.06442190019380165,0.0466828677328497,0.11314073901817069,0.14387299091658903,0.0847890843285816,0.08688295165852473,0.06436867827784959,0.04496215725681021,0.10881183625803756,0.050001275559013944,0.13034245208714312,0.25683615800803905,0.22923786887735573,0.0688835893962299,0.09310954887498797,0.18980329503407403,0.0703851962653773
69,0.029380019415900776,0.16020907996652312,0.07235956484170859,0.054704526402216055,0.21190682980304631,0.035719178144407435,0.050360581077851484,0.29537470682062095,0.22082852529030086,0.08982031442943413,0.18286323465939014,0.05676956993947656,0.09712744087171471,0.06515133244648083,0.13870903965866538,0.030273230424878502,0.1625394130729351,0.1157873150744597,0.08103094661875668,0.045926979612545375,0.0,0.08394788612248676,0.08294509552395489,0.12009672763571894,0.07329524900229094,0.10237885442332675,0.020188632292141743,0.07419261810558422,0.024218584339902798,0.17068840906919872,0.022252698898298395,0.10904894273532173,0.13616053683407436,0.09186445556635672,0.11221173143778645,0.11682581272351508,0.02834780682388412,0.1251754837065548,0.03250859201223251,0.05765818094234105,0.05377486190823874,0.06861932229639126,0.05653220396685627,0.05347967610211202,0.02970307184855275,0.0,0.11298152863771325,0.14525365050419575,0.05764314965269547,0.05175225056066653,0.03647379403143183,0.06723123741442621,0.19161981658386412,0.0,0.1338186087112839,0.18001756987986317,0.07237809439506725,0.14918500997521816,0.14261774404066208,0.0229024003396878,0.026347597076468388,0.11697229441612572,0.07376785724987917,0.10825092907815714,0.07522586925666876,0.1051435389993449,0.04603774392834011,0.06013940304410528,1.0,0.051112561971239714,0.0,0.15445056915351413,0.06188978114075798,0.12046401739975579,0.0064445781144696675,0.24015470913957454,0.03682188631672378,0.0700877957270402,0.034460082251153754,0.12033895986836834,0.057022540926889645,0.17836955105344549,0.03843709660028368,0.10131477904356356,0.04340957634064034,0.019471990652499615,0.053272062689609385,0.04975729944663159,0.05618134761240519,0.10976217409795902,0.0,0.08480363107745657,0.03599680239332993,0.18071359991212785,0.153156790474416,0.056093210064873826
70,0.0904500629497325,0.06317493715641835,0.0996965091635306,0.02645704276739972,0.24161214901062242,0.06859461744856635,0.05435675729243934,0.09050405258541787,0.16587037681277686,0.15366858454887686,0.15329448242767502,0.0,0.06276283586683752,0.29729201422196666,0.25612703895782607,0.2076610822506668,0.15280807645002606,0.1442924226356302,0.2390317731741248,0.09416924706045204,0.13182582744093738,0.16754164640017238,0.150451475417529,0.10689683798458222,0.26425956819730373,0.07082692281498919,0.09248400408915142,0.12706789251750691,0.0632011989458551,0.10181283641337462,0.02986508229438463,0.12070374261614852,0.07661115974440515,0.0932546933845078,0.0834133136559334,0.24335026578692676,0.024155716879303884,0.08845676983857312,0.5781996504556962,0.04421849044423638,0.1228045799603393,0.10112191831336816,0.32034505814744957,0.12891445212184766,0.08053361442703454,0.0123005789526738,0.0,0.12647396908842862,0.1137290240474556,0.15351253588774233,0.13334334779891463,0.062264144575701404,0.19157653506415598,0.026962602517170475,0.07483181740388337,0.17035857779443506,0.1538014832518043,0.16858434848346454,0.10047536826751606,0.09221111659440384,0.11394034393452783,0.06097004196322636,0.4719262122862905,0.2066236917936159,0.10266484153015165,0.13881229085419866,0.03495005710202056,0.18300004300879613,0.051112561971239714,0.9999999999999999,0.2134367276942698,0.08800213132742743,0.16938039229763352,0.06104479480588447,0.13390229913487484,0.21091780863798282,0.5323989061272065,0.11753069560822953,0.08550827523924046,0.07178021578645531,0.05807099335019233,0.10678711129634039,0.39526316408364304,0.09179636043825605,0.1837574859445907,0.13008489814437352,0.08112998715795788,0.029679413010858992,0.025133439281863346,0.17351516780957849,0.05224351095305052,0.27381325601007334,0.09825941691804672,0.11014625068511708,0.1375583018940365,0.05003167069058598
71,0.05653714169178545,0.06775791340014393,0.11146088736307776,0.11024909044875568,0.09115256441959399,0.051970998970749166,0.07152945332140835,0.044308710645105005,0.14538570045755259,0.12576283581720302,0.14156404611837908,0.09407117469347047,0.09656820512306713,0.06747521584428287,0.2448409051007333,0.040131899549291375,0.09004775002779289,0.0627671397426913,0.15950121755029487,0.09275204136012635,0.0,0.08311457886432498,0.10770611539735539,0.09589540033952831,0.14979497917430798,0.056549656853380495,0.11775802806587604,0.0852075986307815,0.06646845862851383,0.06239177481057771,0.07605322095746885,0.08755653090694882,0.0942921300800367,0.08982271909359804,0.029900340121953306,0.18327196398019746,0.09394862391064102,0.036992920591004036,0.17629863049604919,0.05050165186724937,0.05091927578283672,0.10283799259505914,0.12178119533221002,0.1078052731609696,0.02237276433144856,0.017085906053420932,0.0,0.09877894338394425,0.08939576049526231,0.2503180893385871,0.05654031300057662,0.0571693273559378,0.09984333894155516,0.0468149197831016,0.0,0.03872186681929481,0.1499194984451569,0.12190404633770917,0.07164263223273912,0.020556732075072175,0.060032257399819995,0.04413390241933434,0.12895493661217872,0.11435437497937309,0.13761863669261337,0.16958410763650883,0.051320872425508514,0.0722139314689769,0.0,0.2134367276942698,0.9999999999999999,0.028649492729410246,0.11634473024887931,0.06889448674792224,0.08098332451600393,0.10620225117062537,0.1976933250816317,0.006573985618691746,0.10050089758837413,0.04373029164554673,0.06913929177951712,0.1068854197347911,0.14521998420805388,0.09563110788495108,0.30629418210722054,0.10163934770334612,0.09203196567337879,0.0810771595877477,0.06982233665935389,0.1496284223673406,0.05249595922115472,0.16420109462196134,0.05661622419078383,0.06276789371591297,0.05396717633607656,0.037353898565844354
72,0.10071010450350541,0.20648108731166026,0.1178939773652153,0.1113692092779409,0.11939583337305883,0.13476310602932692,0.09838453737623064,0.1622695360971095,0.17702212914930193,0.14329527236124315,0.22982515956748262,0.07429711524692478,0.0903637744858318,0.10735319185910394,0.21172542190769525,0.008144123164180157,0.1324846274315057,0.10016370426143546,0.11824303540337545,0.09266478335988364,0.06519176328549488,0.11788981851879857,0.11678933967012704,0.12052910392720109,0.15445714338911892,0.1257626607708524,0.054311583400900636,0.13141548270342923,0.06617100070896377,0.2076470685118369,0.11318103321181858,0.11492615789912305,0.10442281243110119,0.14966209200298555,0.07433046224826584,0.15566493019432467,0.12937209448007744,0.146925021770986,0.09938047182202116,0.054289338187341246,0.05166623783867223,0.08076255471145323,0.13877599719804673,0.11272394845721839,0.1336632663886944,0.0,0.07176446271825597,0.1710219279291382,0.07455382574646403,0.018814084377974872,0.1345221326781797,0.08924303808748926,0.12069999653930663,0.04256149887213689,0.17999982421900745,0.1769500616970227,0.030423749529967924,0.15096216404333698,0.09969407489014406,0.06546294016545656,0.10189067352505075,0.1307130602850897,0.06651371144255527,0.10010595327784955,0.17565984952383668,0.14142889931309358,0.05629591969407015,0.1266162212804541,0.15445056915351413,0.08800213132742743,0.028649492729410246,0.9999999999999998,0.1105311384450996,0.11615007341103867,0.04695503552109563,0.19520696255982145,0.09311495823423327,0.1903294008029196,0.0,0.2058851271897206,0.0645412503439296,0.17795207501511984,0.046531671703600716,0.11212814506337648,0.03767119697899118,0.07726591270656513,0.036590510395393946,0.13608835115329024,0.09210057715634234,0.16873307389796743,0.04386615922587177,0.1289482732035736,0.06729477345323834,0.20061930885363644,0.23205912510162152,0.04936056558135542
73,0.12194642896615793,0.23515807989189225,0.26103148269053056,0.1283217924839887,0.16807062842544207,0.09887854089648539,0.30711196348904046,0.14266397989162008,0.21616086912865806,0.328781444572619,0.1658366209989528,0.03818040918119718,0.3075231926352668,0.10676524668807677,0.2587850504354756,0.07073955730226379,0.2885910095355897,0.2790119457078242,0.4050692412956581,0.2648099698355788,0.09177715539279709,0.445741029659422,0.3173629348427186,0.21338562260988825,0.348469902384695,0.2184739785668614,0.06714756960691683,0.1787831303326039,0.21221867190679133,0.1272109321137821,0.14729940132486383,0.10576068737461625,0.1929105781492026,0.2746234750726988,0.09445764439463991,0.3529729849157045,0.11613579012770502,0.07500568222737468,0.19551262847324002,0.14447861874652124,0.10910382154986312,0.40208241877866824,0.10550763272711007,0.2697086762048514,0.15700628267077943,0.0175225748570601,0.011428758022062361,0.37233143930462564,0.3139742138979074,0.11036051300228612,0.11354269895171652,0.26147448432786397,0.30181744474651906,0.05144076479688553,0.08544949345998672,0.11608782515698449,0.15375102882016584,0.387726833094687,0.07769937659522012,0.15695743494688308,0.09394890568917953,0.1568436474922077,0.16039329817984946,0.21435074354604242,0.26846481954433943,0.2110162251584955,0.024893746635216648,0.1576409806286142,0.06188978114075798,0.16938039229763352,0.11634473024887931,0.1105311384450996,1.0,0.0491739769012727,0.13070748559418427,0.11401356591232661,0.12872750677749784,0.10714962099862244,0.11210473101537452,0.1326216995477019,0.05740033977129365,0.23968757432188514,0.13577393390679468,0.30045252388770294,0.13683354265117537,0.0886368793433437,0.23664805488185056,0.08405525374334859,0.07672157539313468,0.24186163933063787,0.10009724018603984,0.321969542312764,0.4143666940382503,0.29360177113682695,0.19499465833921756,0.035954048638396796
74,0.06249078918276628,0.057542413200627814,0.048180460812609766,0.0,0.16408824366522926,0.0693661083734832,0.02386773349200688,0.08587216804500757,0.12025186767632362,0.07752783408571098,0.14141720996579166,0.1431610577842688,0.06545213413082776,0.07294836570881666,0.12304685901405334,0.0,0.1412470846292275,0.08139580946026392,0.054375934023216686,0.09463320118638219,0.0,0.07619393177594594,0.13155302833390087,0.10605818416989687,0.02026343491911574,0.04129279257740184,0.1255817866484386,0.09412961940918806,0.08568206457771994,0.19985952314183608,0.08391782178488724,0.11608539206776941,0.12439167336934112,0.05891820090277696,0.15713862933880982,0.12028232379632131,0.03148844374569374,0.0644737213038776,0.10539801373699936,0.016395800845565824,0.028671622740762272,0.05963220611636186,0.04923157301811478,0.06996276435295884,0.048374994401917476,0.0,0.19326797651778443,0.12250578252414371,0.11952154751705682,0.027841796477487427,0.060014039429374375,0.04182065823436375,0.1171044371098278,0.11247164676970856,0.14220304128523056,0.19380894610010338,0.028138887384782887,0.12132025472687136,0.1620606534687808,0.10684692423351932,0.05736259858551177,0.1567174827131791,0.046390960350683734,0.016834158058938786,0.07861334139384608,0.08720493982954361,0.07393659519074294,0.0759028035394834,0.12046401739975579,0.06104479480588447,0.06889448674792224,0.11615007341103867,0.0491739769012727,0.9999999999999999,0.020043993622231367,0.21262349223907817,0.05497142991567326,0.029613435409599348,0.17148496775926728,0.09980786127558738,0.18686855160346022,0.17523262096771636,0.0478189824332094,0.031909901314179784,0.06619988045706064,0.018168596121499677,0.0,0.067060789579953,0.03494716188490427,0.1695145412343637,0.013910316026466578,0.06307235765351393,0.009108417173475134,0.11192058240731767,0.16097339304152142,0.16957023405183147
75,0.21086419380531213,0.05629607621004591,0.06770606363770783,0.04818468056504745,0.07639483014361904,0.1337727907941296,0.06087101774789388,0.04248056594835771,0.11463518392649391,0.23171998085505915,0.06593211449996823,0.014424117161343697,0.13797922654428027,0.008166526956095339,0.11490385902917127,0.1764516879526807,0.08879343021569867,0.2864951816619329,0.17205324904901714,0.036879571425030185,0.11542632162163485,0.13169819252693507,0.14136166645804757,0.06005908175470973,0.1694554343389783,0.13360265713222863,0.03188537587384618,0.07688469505904029,0.03320327461475174,0.03146365820236107,0.058401178861745014,0.06200354195742176,0.059862991027197006,0.09583861427593737,0.07421446893568924,0.15883211701474861,0.059010389868122806,0.14890867253551093,0.07717530158991101,0.0970520801231366,0.15118023426911548,0.11131002537516774,0.062003765919415255,0.21423618480307172,0.10831104766928949,0.0032311056411758843,0.011801583898516531,0.26412140666519557,0.18202446056476135,0.05785695250964354,0.1216710606031999,0.026612327040969982,0.1570471615129756,0.01558152980800679,0.061154359137940734,0.10360221224644836,0.0708779703625109,0.1430370795736424,0.060879356187641336,0.1214087255591257,0.0,0.050076817920580434,0.08281280264991088,0.013568934005537542,0.12974772346657326,0.07292618953452656,0.004196869184636156,0.07756797764616977,0.0064445781144696675,0.13390229913487484,0.08098332451600393,0.04695503552109563,0.13070748559418427,0.020043993622231367,1.0,0.06371426763953084,0.0692327192448799,0.16948994799223718,0.025916816744567802,0.14025597292128514,0.017433187719923884,0.037951011698509125,0.18356490279587206,0.0691239048464495,0.04300352296747396,0.17085295328099587,0.04759491547043738,0.03534260570937024,0.04951522876985866,0.12267309864365114,0.0,0.3342058796410555,0.13459802206718144,0.08259541284502289,0.10371198818518207,0.01577073216092809
76,0.13443696265476338,0.16251097533176756,0.04818863784539853,0.05719768020629876,0.2746063143664731,0.11459176134589562,0.09792856946756415,0.22613324992574735,0.45192097604758247,0.12839748596303371,0.2628202917171918,0.07914245055270241,0.12733745120058404,0.23664339017709723,0.2307179068111164,0.026025742561098623,0.26028121948794314,0.1295153104241102,0.16465538482554679,0.19494825702262433,0.07833202781041576,0.13163003637572498,0.2164244497995651,0.14336826252117874,0.12532297882159885,0.09122972611263999,0.06039910524379695,0.19261208182912729,0.07937851481135078,0.3085855021018316,0.00956526615575221,0.2735146062924763,0.16946989079540065,0.1579508124855214,0.15221561205563056,0.19173870223409684,0.056574295288537725,0.16107637643003425,0.24221142030276288,0.008497447807486552,0.05283425814595279,0.0676669306588564,0.10449096503206998,0.15072611909235845,0.04503547767774838,0.004432119061030605,0.1645807904010952,0.18001291826417687,0.14930189688151133,0.10220939214007206,0.14262075236384836,0.0730084466651722,0.19408001579785933,0.0,0.1677713023965001,0.32291309134841245,0.175974649358449,0.21679564272747945,0.1351581504591471,0.07875630937385492,0.16421899233054607,0.10210757230978439,0.14565199092827358,0.13610430750194,0.12468626260634537,0.07592874817869533,0.0611666410790975,0.14386515364863162,0.24015470913957454,0.21091780863798282,0.10620225117062537,0.19520696255982145,0.11401356591232661,0.21262349223907817,0.06371426763953084,0.9999999999999999,0.15068060267471206,0.11937137435680636,0.11613061868606742,0.16516466966118434,0.06576120482079645,0.2806580270134227,0.154646747802478,0.07717703919408728,0.15168364684835517,0.07281887621879282,0.07308147118266156,0.06416414672759817,0.05433617185288075,0.2133603481367356,0.0360464809050516,0.16482926372502882,0.09074075291603809,0.2937565874622012,0.31554944923374517,0.09689677873672659
77,0.039096556386466474,0.05645757052295182,0.06131158200718696,0.0,0.21811130401393652,0.06888304117605473,0.04946403764659875,0.049167078782180365,0.12268934167663191,0.08976003315808047,0.14320082537557027,0.0,0.0,0.28836159279358947,0.2467122796209718,0.1326892768415092,0.0833970637745088,0.06510708566269546,0.1451885257248377,0.13568051281571625,0.07664112388179427,0.12069830231822853,0.12256001803767796,0.05882655753750324,0.14278098283954432,0.06910372879639544,0.06940228572141299,0.107323574519646,0.031221006315649225,0.12080642411404549,0.0,0.14685887517775625,0.048205036820766614,0.06472952875294398,0.06106081783974825,0.16807234885217298,0.006960786362688521,0.039742437871752204,0.5215210193571493,0.0,0.11091682517506057,0.03469000701738802,0.30365666580594497,0.04833081184651537,0.04548536001525736,0.008861432539423423,0.0,0.07003690759822304,0.08129614541211917,0.1250166164321353,0.10111745536935049,0.06082111589125856,0.1302346996257252,0.0,0.04791948623110739,0.12347144544442068,0.17494702445044827,0.09704195178473549,0.06176702725611457,0.0,0.08774443962340947,0.03588099861216627,0.4389077104082417,0.23025746564846686,0.06309920929182199,0.1686771473126953,0.021581393464728864,0.16928767711433354,0.03682188631672378,0.5323989061272065,0.1976933250816317,0.09311495823423327,0.12872750677749784,0.05497142991567326,0.0692327192448799,0.15068060267471206,1.0,0.09546687410108762,0.0,0.036288438261076486,0.011952798367108629,0.08032424595096646,0.1823461245068122,0.08817441395974646,0.23828457415206006,0.05857135636355354,0.03896444825296931,0.015679604943205694,0.024141766284533468,0.18401733348053675,0.05605455642165027,0.1726990699976258,0.03880167883105905,0.04883090080791157,0.11800991332668698,0.040548604330795865
78,0.17478158681346945,0.09465590400208525,0.07077624204383748,0.0,0.19631209496937901,0.20436126248657,0.0,0.06909547048720188,0.13884219828171768,0.2527853382115608,0.16507323199137083,0.04380493059442223,0.03497487083913345,0.05655659006875073,0.11401195838747816,0.04204735329649684,0.10108460925532786,0.15178620258835834,0.14248272271449494,0.031008683647302117,0.049364924905806976,0.12914550503262326,0.15981953716329056,0.10707451610807622,0.041474832717083875,0.14248548952438095,0.052342392259021375,0.152475124021025,0.0,0.0571379330861639,0.1132198462648816,0.1040970359051272,0.08060221258715833,0.17831342629662755,0.14967560495169385,0.17040127202381924,0.21561447220661922,0.20794271905513342,0.12922321264142994,0.04639734709138332,0.0177831999189989,0.06735363074346254,0.12541259625630863,0.13741272393177995,0.2692021887435287,0.0,0.02421655370074323,0.1933044260370156,0.08154484846134605,0.046409123329047286,0.21153515879185925,0.02935170678628908,0.1570378486012181,0.06278316431644082,0.051629023023157215,0.21103089203048037,0.054103611072078034,0.15973550731351527,0.17287019974612428,0.11413237397786886,0.0,0.10220093257870858,0.12885473704056796,0.042808784275700236,0.09148098251731746,0.072477553033269,0.02131437859742205,0.17956788848241734,0.0700877957270402,0.11753069560822953,0.006573985618691746,0.1903294008029196,0.10714962099862244,0.029613435409599348,0.16948994799223718,0.11937137435680636,0.09546687410108762,1.0,0.021272262768933566,0.10914744974790129,0.02951228220174639,0.047232590921065215,0.08423184385165056,0.05145841987914268,0.027012902715002306,0.058597940409125644,0.020115780284823075,0.07358864114529787,0.0,0.15061605112282636,0.09706153526980299,0.2382751875639824,0.024480633285380894,0.17232535541977143,0.0978040621451525,0.09263378108086372
79,0.022868032500187964,0.03881851194712212,0.04918198007276903,0.0,0.09451924998423789,0.02802817069669221,0.11765717977479664,0.02000584255916549,0.05262578128654132,0.033601082778737475,0.01703589873117237,0.007404270764561008,0.0377577281220776,0.0812217161842611,0.12514508462114834,0.0,0.12175467214876745,0.06370062418206084,0.12718620276633683,0.0738779850663841,0.0,0.052656439154221094,0.08738960593688977,0.04804655564464054,0.05240110721565232,0.05188745845383726,0.04806354177015344,0.08035175979032014,0.004869741672778001,0.07267997679553032,0.06935400729279478,0.03978501837229623,0.041844037154695625,0.07985241206552068,0.02993272696155335,0.09897022707943204,0.06840028019045631,0.011542750075956513,0.0808167819735357,0.0,0.0,0.06168339452185468,0.03637500532948039,0.06651589736485247,0.06602363415277532,0.0,0.0,0.07950323107446586,0.05825005466934563,0.15074727715189692,0.14762537276253657,0.04126697808713728,0.0944267900330323,0.0,0.0,0.02784381326507676,0.0764053233668488,0.07870854659672644,0.028902604572545253,0.13354762530669204,0.12185013633258501,0.051527231797643555,0.06780727272804599,0.034826416147225786,0.04065871504414586,0.0,0.02692951279001682,0.03505073972366413,0.034460082251153754,0.08550827523924046,0.10050089758837413,0.0,0.11210473101537452,0.17148496775926728,0.025916816744567802,0.11613061868606742,0.0,0.021272262768933566,1.0,0.0,0.022372260417030578,0.15775562509672209,0.09150808094564442,0.0,0.19597030258705045,0.023491934045753966,0.03828847832847786,0.01600788493592871,0.0,0.0713210407906717,0.0,0.09934558706308806,0.03140574121332881,0.026657646637909434,0.039645344581585085,0.054813436434898846
80,0.2907113513022658,0.278286016680681,0.14061377848814546,0.11838785536162852,0.10164626977086245,0.14595829028161492,0.12850882504257602,0.25432557541920475,0.29676726291704747,0.1964231182253602,0.23657442641031667,0.06804381247914051,0.19144066174191468,0.060194501701420794,0.21990793382878188,0.027969988515810992,0.2169665400164347,0.17339186353581026,0.17362854387935897,0.08663357670663203,0.0931395239000411,0.11317073769162485,0.11592272706589325,0.18934030675585625,0.14246032069336256,0.15606578451389877,0.011937692657144868,0.1303088983306827,0.08390996554743296,0.20872340391936275,0.08994857146212386,0.16618936530527073,0.1447026714078488,0.05271754179481899,0.03542644890169157,0.17955746199099853,0.13968562459254397,0.11295090743744225,0.11164629246542074,0.07305797850912708,0.17034368069780578,0.13363438957554138,0.10446226408840875,0.15892973145958025,0.057214931934000235,0.0038105754391969996,0.12371637380569979,0.2779327780925509,0.22668600325184537,0.025845862759146028,0.10725640229569336,0.15692504526916867,0.1350704438122651,0.036195028088049426,0.2610123899717668,0.22922515643491637,0.0376151842021951,0.16944821942785065,0.11343731852723393,0.09874640749084643,0.06491473179925704,0.12237169846753851,0.05492381857308995,0.15669017195548884,0.19942598232306358,0.1657924763858018,0.02268539169684048,0.06442190019380165,0.12033895986836834,0.07178021578645531,0.04373029164554673,0.2058851271897206,0.1326216995477019,0.09980786127558738,0.14025597292128514,0.16516466966118434,0.036288438261076486,0.10914744974790129,0.0,1.0,0.04197600001565781,0.24973211943492857,0.05776737908667143,0.17536420358833776,0.0310505013435014,0.21468694985482187,0.14521358671245158,0.13178546680000813,0.2119534586825625,0.18716956921317007,0.08034822624338385,0.20723435208403382,0.0781659318652732,0.27608699715795665,0.2981892347342113,0.0497266840419244
81,0.06922077594660456,0.11967831763722563,0.12157898173412826,0.19437487284055377,0.07000481492648576,0.028987117235560106,0.06324968515208464,0.09184481658064875,0.09835351749308316,0.12092113177113385,0.044691487060019554,0.2129185793555201,0.08998804905354521,0.0740209930268145,0.09250012131893078,0.0,0.16064884684663497,0.09606052735703934,0.10282299351249989,0.06173015188162392,0.03775825885076179,0.08526470347527504,0.168083872599026,0.14594031423091172,0.08922173266624961,0.06107951727979536,0.3014590250733356,0.17228232931415316,0.12099531948064109,0.0794444008535643,0.09706546275395034,0.03466864683754687,0.25233149011600153,0.03472853490964209,0.15604258472619129,0.1215556094649151,0.04436686705753638,0.025234098975199272,0.06795269963855198,0.08689800744135298,0.07481110664296403,0.10850680088788456,0.00917549456119517,0.12662137894613582,0.04689494417311689,0.0,0.10187520748140777,0.15216903424288983,0.14033710938597568,0.011350920604939073,0.02005128045449996,0.04307371518161253,0.14815983389725237,0.16140595320612505,0.06674225226330766,0.08709170927386531,0.14775990931980398,0.19576334836187426,0.29344673542919214,0.011616213581019304,0.005345453934040676,0.25411041741087387,0.07960030207483038,0.09004488900458077,0.06593174034050106,0.06257308771467693,0.2044661447238154,0.0466828677328497,0.057022540926889645,0.05807099335019233,0.06913929177951712,0.0645412503439296,0.05740033977129365,0.18686855160346022,0.017433187719923884,0.06576120482079645,0.011952798367108629,0.02951228220174639,0.022372260417030578,0.04197600001565781,1.0,0.028309413188945205,0.06176171325298006,0.17276563773226622,0.022727801013911267,0.06873899505854623,0.09658162836739473,0.2530445365717524,0.11540663074591684,0.09785096095651599,0.11342292005740778,0.029921969869290865,0.09407388563551447,0.07684934500643109,0.13643441874324844,0.26759668633965256
82,0.1273945114653291,0.2888513296911126,0.14090694114576918,0.01817037144996838,0.18773458974127655,0.06357165102767325,0.36564044873551416,0.26270277951001664,0.33295808270175165,0.20376618797156104,0.2402440520588154,0.029462946232928788,0.26298038191817397,0.11760165912249448,0.3951374969981377,0.01627717718244826,0.2769012895584947,0.17060065311631512,0.23085573864211345,0.23811894088249275,0.01935810250375078,0.2339972416223709,0.23584169944327624,0.20839276579779964,0.19641979236416632,0.23160511675863038,0.049622559454629414,0.1534724801100126,0.1645157550940306,0.24678989421858355,0.10202071545450064,0.26769095881901467,0.2563137410720406,0.1656668878085005,0.10221613952042213,0.31955730045061503,0.14464274723403905,0.15065273394729928,0.14149728638997774,0.0835139667471216,0.08851050267750141,0.22129209931376084,0.13352522600105227,0.1863339519161334,0.08254942205975306,0.039599466940273956,0.07472895753172722,0.33152374157176473,0.20662209859622113,0.1257001114838998,0.08585490997105916,0.24257610193189288,0.2461023738978221,0.026908363764358317,0.29872513420311264,0.21405713865964918,0.10771374858225713,0.22260985825980847,0.09445093141422356,0.1531927917658695,0.13660514938225007,0.21203975612528816,0.103360868224521,0.14550970676404748,0.27041784798535,0.20351921362551154,0.07008097346338896,0.11314073901817069,0.17836955105344549,0.10678711129634039,0.1068854197347911,0.17795207501511984,0.23968757432188514,0.17523262096771636,0.037951011698509125,0.2806580270134227,0.08032424595096646,0.047232590921065215,0.15775562509672209,0.24973211943492857,0.028309413188945205,1.0,0.07558103327498139,0.17041746384753448,0.11616355471193844,0.10170482327513734,0.18718127420065628,0.13121849597678387,0.08495814236509946,0.26912494434579265,0.07156954892517346,0.21453172932785738,0.1593357077422147,0.32065152626800153,0.39822139342015905,0.0523470428959409
83,0.15049257661038992,0.05833274135348855,0.10788747572826866,0.1061116218154582,0.14075713045989488,0.0750309181559957,0.07852640745276772,0.07531212284307612,0.0913841163972146,0.26516364617862537,0.08740920030252324,0.0,0.18879282055779692,0.15488900966994645,0.19964329175698098,0.20504875894773844,0.16975786871349374,0.24675217446077014,0.22337077677276623,0.036051834183722334,0.07478543617580123,0.19041016105990682,0.2167082130018554,0.16468244562936357,0.24767629376467856,0.10736371808985865,0.1253327068598098,0.09819220626920572,0.0740076646533228,0.08782358307665375,0.0698718372154926,0.07967613214742644,0.09115864971014795,0.11978127010278058,0.08245637127345092,0.19712912999072676,0.050862872932328634,0.0829715191920254,0.28899038910577807,0.1404002640460856,0.19434877117204613,0.21591226935556562,0.1749711471615828,0.2527489505894596,0.12063947824675783,0.023125359168523776,0.0,0.20815788618042827,0.10939273267040986,0.08909170951054457,0.06966499494186135,0.05396570462821294,0.23315229826744577,0.026358948815163766,0.05002149823227525,0.06599665320960282,0.05681547272819124,0.19154671795237496,0.09721842516608603,0.15152854515349748,0.059092511569691655,0.09751198956832605,0.25380643567643507,0.12989033893004598,0.15386983523686537,0.07923431427135119,0.004505614395945598,0.14387299091658903,0.03843709660028368,0.39526316408364304,0.14521998420805388,0.046531671703600716,0.13577393390679468,0.0478189824332094,0.18356490279587206,0.154646747802478,0.1823461245068122,0.08423184385165056,0.09150808094564442,0.05776737908667143,0.06176171325298006,0.07558103327498139,0.9999999999999999,0.12425700821393262,0.09924356847359984,0.14324373342345562,0.09659990230838089,0.002975890651121498,0.03150094602699077,0.14018641589940173,0.03761576826850031,0.2935664361904457,0.2534220094636879,0.07433546817225362,0.12397613353424478,0.025866676578189966
84,0.10638201555876886,0.2217165261784268,0.26387622788379395,0.3341296779718831,0.05800340808704643,0.05085091529123831,0.2620057752038946,0.13587799070128914,0.15245295840368445,0.195911205232251,0.12363147815297088,0.057407740672515396,0.30526555795645394,0.07800633172010993,0.228356835717598,0.0,0.262868784549982,0.2145208471407044,0.25063280441299074,0.2985721347539949,0.07253602017608554,0.26945334900413653,0.2148834057698726,0.16856562154442412,0.30105568648229925,0.09585246465108554,0.09064518071348349,0.2858441031203826,0.31262551750660095,0.1352428097556624,0.08326054830470661,0.10600023812022794,0.17336757495217997,0.0725867115352662,0.10886579888601303,0.23404133639863192,0.09697459480019077,0.014319156585786069,0.10320454573042591,0.1688884812345398,0.2414443933090134,0.28166501939604377,0.11845148759586087,0.2120638900528607,0.028289370721819536,0.0015431694514897892,0.046970102945826084,0.22699116081290166,0.24885833129872345,0.09838795663306328,0.021130854512855117,0.14828325181497592,0.1524877654549005,0.04059112797592162,0.16689826831936133,0.14895873190446005,0.16587075165248394,0.25195348365372644,0.10000077679035171,0.03570477785060411,0.04929099587254988,0.1255082098290302,0.10919049934518589,0.3949051733888653,0.19454833545480898,0.31472348582228565,0.0250552018289644,0.0847890843285816,0.10131477904356356,0.09179636043825605,0.09563110788495108,0.11212814506337648,0.30045252388770294,0.031909901314179784,0.0691239048464495,0.07717703919408728,0.08817441395974646,0.05145841987914268,0.0,0.17536420358833776,0.17276563773226622,0.17041746384753448,0.12425700821393262,1.0,0.0901174460973165,0.10345590206938905,0.45292832660404003,0.11542637739690007,0.09459348830620899,0.12462177996609865,0.076698214080312,0.18141322333474247,0.2538477244383256,0.16652944476772344,0.271375599103156,0.06355183600721959
85,0.04646290384214219,0.06682112297825993,0.048298128778084065,0.024161074696133513,0.10112887133946302,0.07118398795025618,0.1273648264879598,0.06503608312432836,0.14094556719558032,0.05347827968438242,0.09114827090867246,0.037609698227444255,0.022485592246045332,0.07186572058132992,0.19020807375094168,0.08904837141929348,0.09435296475152152,0.056975537618737325,0.12358973431092977,0.15244948895264357,0.0,0.06384679034824284,0.08481508242366292,0.055928254329333016,0.06121894716187365,0.05958754090366415,0.05806497927849836,0.0924325123839384,0.011131046427411685,0.08614084388875115,0.01704585076043345,0.06613737220197112,0.04782265175203367,0.10722947493274834,0.03685868934197059,0.13046659590527024,0.05128824478242072,0.0482076609039269,0.15776294524082468,0.02153662216327817,0.05272605322721935,0.04287514179447463,0.1293357728093809,0.0639690781641779,0.013238069135276908,0.025274526006615724,0.0,0.07090206372399702,0.15941226810299275,0.22400014628585757,0.18265752231227506,0.1546806539933493,0.08029167585435619,0.0,0.0,0.0608155620601567,0.1459986941819157,0.06598047158047049,0.04404288837585583,0.004678274757055747,0.20720797447528716,0.027055289721485406,0.16161449759838,0.21449051364929803,0.12293114433466298,0.12371142136794554,0.06429007182143484,0.08688295165852473,0.04340957634064034,0.1837574859445907,0.30629418210722054,0.03767119697899118,0.13683354265117537,0.06619988045706064,0.04300352296747396,0.15168364684835517,0.23828457415206006,0.027012902715002306,0.19597030258705045,0.0310505013435014,0.022727801013911267,0.11616355471193844,0.09924356847359984,0.0901174460973165,0.9999999999999999,0.0636407160738375,0.06482826651948119,0.016262282697211024,0.08033317185881075,0.14137458886462925,0.0,0.1739815975995039,0.05284239479960149,0.05803133724453918,0.0589746775140091,0.04968773724632221
86,0.10229754295791485,0.14775499385161986,0.1574808386272051,0.08903251075773333,0.03835219534446699,0.13758896827179484,0.07629229543938462,0.10103385968975048,0.10813341164091261,0.16731945651423719,0.04412051121883365,0.0,0.192202131165027,0.11473771934097438,0.1671929528428909,0.07051213105960989,0.10143385144038335,0.1941558242616332,0.10657406919622747,0.03261362814284684,0.07709325907385264,0.07858418416695614,0.14659779925312907,0.13786679802583574,0.14897397430561998,0.10994809501230082,0.03119586406097098,0.1135087769194619,0.08083097950735768,0.03422374856972065,0.07347961540741149,0.09963124114334251,0.11868361992372974,0.07196077319949036,0.067270661619479,0.11609233435611617,0.1713953023375439,0.13769381302484807,0.13095476173343853,0.05147268212930429,0.23566562569715174,0.11121425549239283,0.08831812251566795,0.18542144356970658,0.07363276941042865,0.005857580532784932,0.0,0.21476092457924958,0.11251465978674123,0.054032821539613696,0.053472495374640217,0.04221414675155634,0.12457740541088533,0.02567937919433703,0.039594649121294005,0.06293362478661722,0.03212316970605599,0.15667328783697,0.11929786325845507,0.17130816378556807,0.059871787137495136,0.08137742376665032,0.08381435001521383,0.08609558577723946,0.18393344056716854,0.03185682837328653,0.0076083860958576196,0.06436867827784959,0.019471990652499615,0.13008489814437352,0.10163934770334612,0.07726591270656513,0.0886368793433437,0.018168596121499677,0.17085295328099587,0.07281887621879282,0.05857135636355354,0.058597940409125644,0.023491934045753966,0.21468694985482187,0.06873899505854623,0.10170482327513734,0.14324373342345562,0.10345590206938905,0.0636407160738375,1.0,0.08370785713948292,0.013191215013216484,0.04986931415511852,0.12409641773410038,0.05610907098648413,0.22307835686056188,0.12408410601380856,0.12193979938396321,0.1270111774754484,0.04705489629717415
87,0.06142695334627707,0.25270078819744995,0.21703810296816756,0.4498025213731447,0.07689546291519511,0.054161161584983936,0.39333775437175844,0.14641049445338283,0.12490359971917524,0.14551724328883775,0.08872024858414704,0.04058975097742586,0.267653680490789,0.043088940703078664,0.23293368187525262,0.0,0.1906087531803515,0.2510844424099366,0.2741270738489339,0.2885585889868006,0.007692914652319077,0.17459232971667718,0.17772432824561674,0.09630131951091545,0.2542247501481641,0.09027999319624314,0.05234021237053954,0.2069623930824717,0.385418019823165,0.09296632430510529,0.06990670243735236,0.10706677776613042,0.2128992565978597,0.06415242332680025,0.07682364747442844,0.24899106223410197,0.0455315947048602,0.004218442446488213,0.05342451496845727,0.10241492737411474,0.1524210797761009,0.2582801275698092,0.057952227134295264,0.19033999450788502,0.008572202728775007,0.0,0.0,0.23754494343894522,0.2541551762699569,0.08510554544524693,0.02490071061757346,0.21413177311558557,0.153240209556974,0.029895499811496574,0.14566153409601654,0.09616197111854327,0.13463010705390635,0.2213196978250774,0.07352711934185671,0.00378672290012497,0.10890894374926538,0.10521179557624807,0.03538443188846926,0.2881642047525644,0.2587099153572079,0.22252309125256964,0.042073384680465994,0.04496215725681021,0.053272062689609385,0.08112998715795788,0.09203196567337879,0.036590510395393946,0.23664805488185056,0.0,0.04759491547043738,0.07308147118266156,0.03896444825296931,0.020115780284823075,0.03828847832847786,0.14521358671245158,0.09658162836739473,0.18718127420065628,0.09659990230838089,0.45292832660404003,0.06482826651948119,0.08370785713948292,1.0,0.0778818771555353,0.15327051639732872,0.07867230216334582,0.05546142455776995,0.15545665424509833,0.3228080933739181,0.221290987606621,0.27477139746338286,0.04784627348728962
88,0.15409057409322577,0.23419241992993883,0.1183573548482125,0.08155917066474147,0.07985380119200712,0.05396025357232672,0.08935288390928559,0.1203610856714796,0.20723715306858276,0.17823251852990085,0.15852254108979852,0.20788268748151587,0.11279753239297423,0.06778103143046127,0.12081578532550216,0.0,0.12114625490579221,0.09164479226518954,0.13212596462147808,0.0833384778426035,0.0,0.1517558692150513,0.0910694550977874,0.2818357783974874,0.08590851658046836,0.13934560458124162,0.20319669703062854,0.2644591938079744,0.1142614629937716,0.12146230793186504,0.08748880253810588,0.11315128000530747,0.25331955835947545,0.1452291464340799,0.16807855688370588,0.20840198960985776,0.06662646213206184,0.0663581827233409,0.05529535118107317,0.045437471859383786,0.0297384043341267,0.12988696220659504,0.061549544961564895,0.09977805811780595,0.06951311078466355,0.008980819490023492,0.22475692012163262,0.18110248506990334,0.07867236252650561,0.012182780879557912,0.06376519341372132,0.06335277444993961,0.1371447469502184,0.10608438256173187,0.14839332610406686,0.15160256227330482,0.11163586691051823,0.2251769943856468,0.237463951084892,0.011082236479753992,0.0,0.27029485297876166,0.060407784550280515,0.09035811098494695,0.0920217939785741,0.16552270113131506,0.25841542496135034,0.10881183625803756,0.04975729944663159,0.029679413010858992,0.0810771595877477,0.13608835115329024,0.08405525374334859,0.067060789579953,0.03534260570937024,0.06416414672759817,0.015679604943205694,0.07358864114529787,0.01600788493592871,0.13178546680000813,0.2530445365717524,0.13121849597678387,0.002975890651121498,0.11542637739690007,0.016262282697211024,0.013191215013216484,0.0778818771555353,0.9999999999999999,0.18690084549901448,0.11930754701396995,0.10009338606925544,0.07047419419896435,0.025980110606015197,0.16267146029398247,0.2112589399078521,0.17706321694721552
89,0.21359746781243888,0.09064548793259802,0.10231674318674261,0.13631607798428105,0.04738708676999033,0.07139875228379157,0.11055209727179365,0.13122903907508088,0.17061993635785072,0.10556734774056822,0.0607559693153716,0.11316950361446207,0.06799196407549998,0.0,0.1272703339539604,0.0,0.08052151344578057,0.101419058335892,0.12476756043452067,0.0470490565729547,0.0,0.05084210560641984,0.05466008727709048,0.14661713722539851,0.060068784769736636,0.059384194555396785,0.008272750447400161,0.12040439504532141,0.07288021803017207,0.1054294665070254,0.021371598286280897,0.027640379473689303,0.0874397237993676,0.05260744058269749,0.061231385560417115,0.06978211152103492,0.062229414958326235,0.09147884717458976,0.05045883960945435,0.059066871802491594,0.0,0.06822828921973556,0.034748031136415815,0.09601718953259009,0.03098202054915726,0.0,0.14467733283952575,0.12136096157469844,0.18321098117716667,0.011463059274588192,0.0,0.1178104728489526,0.0667583797007332,0.07872184407878083,0.1285200308365858,0.0939810860433278,0.009268302331670152,0.11076659751181644,0.08858161643498129,0.0,0.0,0.08259061507766811,0.0,0.055447844918609615,0.0863114220281252,0.12925485689835056,0.032585018693215964,0.050001275559013944,0.05618134761240519,0.025133439281863346,0.06982233665935389,0.09210057715634234,0.07672157539313468,0.03494716188490427,0.04951522876985866,0.05433617185288075,0.024141766284533468,0.0,0.0,0.2119534586825625,0.11540663074591684,0.08495814236509946,0.03150094602699077,0.09459348830620899,0.08033317185881075,0.04986931415511852,0.15327051639732872,0.18690084549901448,1.0,0.15398715424054701,0.05727172715617466,0.09348562797797638,0.07000240637407937,0.1956382437115583,0.15870211358726388,0.04403757576063487
90,0.12737890373024316,0.18103415251746272,0.09260354418310943,0.04757942983233902,0.24770365716655735,0.0632183214129142,0.13997184569015172,0.19972158091212938,0.27023943555204344,0.2122069045091405,0.25393876791714465,0.06389771596415647,0.15679297274039056,0.1089423388766937,0.3592331793845595,0.061127447829225134,0.2433932487647621,0.17627102059314997,0.20792992992549258,0.18293499586713788,0.0672802128552332,0.26685335989369746,0.24240819716176587,0.1641261059605249,0.15364980813269538,0.19409733087760542,0.10955516772581318,0.1534245420002173,0.11127105737663637,0.16076395388608428,0.0710845545962134,0.19295060643679504,0.17132093236717377,0.12673361171810238,0.07222852464033333,0.27060295934826206,0.09901948203469678,0.12929456460187827,0.2132091599507875,0.04885604073617986,0.094039543561584,0.16969234215092185,0.11682471772512923,0.15098516654225114,0.114499996247685,0.0019518472386525214,0.09802518337511243,0.31638714249139077,0.18093073380877756,0.09443626739727312,0.13140746357529243,0.14903775243536915,0.24900281941978064,0.06488917058291858,0.18734944008156756,0.23209618855492134,0.11988475805837268,0.2234634847532153,0.11656368337163098,0.1956954102550887,0.11325960623833176,0.16215314573052825,0.15601025058840023,0.1468580005819513,0.21379281984133086,0.14507503840131405,0.0559866816569469,0.13034245208714312,0.10976217409795902,0.17351516780957849,0.1496284223673406,0.16873307389796743,0.24186163933063787,0.1695145412343637,0.12267309864365114,0.2133603481367356,0.18401733348053675,0.15061605112282636,0.0713210407906717,0.18716956921317007,0.09785096095651599,0.26912494434579265,0.14018641589940173,0.12462177996609865,0.14137458886462925,0.12409641773410038,0.07867230216334582,0.11930754701396995,0.15398715424054701,1.0,0.0540905430704184,0.20590050013779965,0.14244301423528144,0.2589322931086935,0.2138332598785496,0.08633652065558649
91,0.05668001099315759,0.08017865419346185,0.1484975360796636,0.0,0.04961865273313239,0.05683890505523171,0.03259554917250124,0.0689694428055443,0.09621051424835643,0.18360032911636365,0.1474024540604052,0.025025455492877775,0.04840611644115192,0.061988083139501514,0.0714792979853275,0.0,0.04062388527154159,0.056165134233423446,0.08971252941690865,0.03901528350096193,0.0,0.11711692456841982,0.08649983937033981,0.18268987593339378,0.013283160672750325,0.07523236559272475,0.19318189497843194,0.18211722393862814,0.06172155943966047,0.04367088088255408,0.2155035481090748,0.0,0.1264006574329842,0.1551095328510118,0.1422492626140025,0.15968692287010092,0.19815762574673884,0.04334774220573131,0.08569412701172242,0.09493921001505133,0.016706601406665796,0.10259494769081343,0.16289908422853278,0.17265786784119777,0.1732357592912137,0.0,0.0,0.15958526141575954,0.012053723110025866,0.03041825974591628,0.07164470951519711,0.03847639330228405,0.08491922202645397,0.28262332378566307,0.06820789436563182,0.10163707707563423,0.05533711788398151,0.15775437293405636,0.1660678646835402,0.08404882198787363,0.0,0.15028226216275442,0.0784499434042445,0.0367839620445944,0.042535095298243834,0.0762198664301548,0.06098218734625667,0.25683615800803905,0.0,0.05224351095305052,0.05249595922115472,0.04386615922587177,0.10009724018603984,0.013910316026466578,0.0,0.0360464809050516,0.05605455642165027,0.09706153526980299,0.0,0.08034822624338385,0.11342292005740778,0.07156954892517346,0.03761576826850031,0.076698214080312,0.0,0.05610907098648413,0.05546142455776995,0.10009338606925544,0.05727172715617466,0.0540905430704184,1.0,0.1147648673559099,0.056390726493724785,0.11069344837738956,0.11389661618179914,0.1698711521184265
92,0.265580136028013,0.1827951488258373,0.19240315765468782,0.08031753909134669,0.14490721421347139,0.25350255870641003,0.1838035026253243,0.1645554527663219,0.21195422283126888,0.42430900784010905,0.22860756929573955,0.09407759630090078,0.24335484042373226,0.10863067473269317,0.28025808650372175,0.1595703961850325,0.22181978854296155,0.3884795312400629,0.3404766762302075,0.12428286717938937,0.11886923859846033,0.3254353599389388,0.19149531014105958,0.2322741163530118,0.2663203638607961,0.2745720146197325,0.08035374062845911,0.2176999868800771,0.1127576524062602,0.11003230418678593,0.20459146898127628,0.11367764170966697,0.20068578439413895,0.2786602093903028,0.16074169289287457,0.3149662884351943,0.19113315593634067,0.2264232550475584,0.2437303055588147,0.14885713470796152,0.09833898058534488,0.2586234482386666,0.18395803968596147,0.37304837817270353,0.21785494423266788,0.008318706296835196,0.08017999713148047,0.4553618680338647,0.20987200125755592,0.1309013863477096,0.2069352524583372,0.2084006666928796,0.33367213578114713,0.04984075877114553,0.13870256316628077,0.19318221332128546,0.11617910297940194,0.31433594460787245,0.17516015483744146,0.146792299745103,0.1461411282737113,0.16590059771420884,0.20361517313752053,0.14847020013450976,0.27675201884434464,0.1500520333246197,0.046822237532575216,0.22923786887735573,0.08480363107745657,0.27381325601007334,0.16420109462196134,0.1289482732035736,0.321969542312764,0.06307235765351393,0.3342058796410555,0.16482926372502882,0.1726990699976258,0.2382751875639824,0.09934558706308806,0.20723435208403382,0.029921969869290865,0.21453172932785738,0.2935664361904457,0.18141322333474247,0.1739815975995039,0.22307835686056188,0.15545665424509833,0.07047419419896435,0.09348562797797638,0.20590050013779965,0.1147648673559099,1.0,0.2746659674574835,0.21349653020686846,0.2253520132360187,0.07500248180318039
93,0.12348785380304991,0.1980706334689899,0.18648911561537165,0.25370051534930227,0.0863435209365447,0.07629665197973999,0.28600196534548866,0.15806316667063613,0.12546709343932239,0.2803497921043907,0.03870794605985069,0.03605044155241854,0.3624884004532457,0.02667312591958083,0.185499799317324,0.07005270277353769,0.26669443212558624,0.4394815253036178,0.3164450567128198,0.15226039196007035,0.11594691635142468,0.309006223461841,0.32222483751935654,0.13557451512243202,0.2475961906013264,0.15810388029817335,0.059222519886826225,0.13494033912623932,0.3292477030356271,0.09204180252677574,0.08318111993034963,0.10325764211385707,0.19389384324959122,0.07556441806179855,0.09515164516368331,0.34732426162446395,0.05766790689642108,0.05506480790561849,0.10100188536176917,0.20526443559991062,0.09736077774026218,0.42211243978926555,0.05735794060764413,0.27832103938035696,0.06190807793654171,0.0022024247262848505,0.0,0.35646756342224584,0.3388611153083915,0.04381905038286034,0.031833589557895586,0.28343455387263805,0.3080356072446181,0.012873779399009118,0.039699774228274066,0.0868867276016155,0.08535241313639874,0.3571539330953965,0.07755759689294806,0.11686406145055928,0.07738338702008017,0.15375656443429983,0.06464375376543662,0.16185782327572873,0.28365990926926554,0.06488098765987386,0.01311163324169936,0.0688835893962299,0.03599680239332993,0.09825941691804672,0.05661622419078383,0.06729477345323834,0.4143666940382503,0.009108417173475134,0.13459802206718144,0.09074075291603809,0.03880167883105905,0.024480633285380894,0.03140574121332881,0.0781659318652732,0.09407388563551447,0.1593357077422147,0.2534220094636879,0.2538477244383256,0.05284239479960149,0.12408410601380856,0.3228080933739181,0.025980110606015197,0.07000240637407937,0.14244301423528144,0.056390726493724785,0.2746659674574835,1.0,0.19553178608297841,0.1579320663585108,0.03919210446067797
95,0.1056092518455376,0.3734829764048472,0.13327606240064432,0.10756595585960507,0.22681286740279633,0.049743404040074074,0.37213246014623663,0.2972167376234038,0.3711284266628862,0.16287138460987957,0.24512871856846644,0.10597449473516071,0.27952340549999927,0.08099967600194398,0.3443458311169002,0.08782042437239836,0.2944594562757964,0.18155173036421357,0.2523639859576632,0.18107758130618895,0.016068149691751188,0.23727865584813917,0.20727111939557366,0.18280613185002778,0.16799932800403194,0.1666108679867344,0.03420983126687088,0.19888996183211333,0.1979444485854058,0.23578789246387977,0.09926373729997351,0.22259448293883716,0.2215921472048026,0.1313674740279627,0.10437763581014584,0.3129841286983622,0.12307265669095388,0.11821476221196141,0.1442472544099329,0.057650449794636224,0.0764066625993029,0.1998030819054566,0.09761653780690574,0.18532589645962078,0.11389387513178253,0.004747809296463641,0.17196819087886947,0.2779601417056729,0.2375224904377846,0.03735525674575616,0.10401996219041204,0.27780374909560673,0.26005850500197447,0.046831927928906364,0.24262373970773643,0.3148290989772955,0.09789967167102244,0.2602824924087247,0.14426808269958916,0.17839883306063725,0.0,0.12363308053771414,0.08211919293959981,0.07476857556932238,0.24552014907978467,0.14201696380099843,0.04702268129571087,0.09310954887498797,0.18071359991212785,0.11014625068511708,0.06276789371591297,0.20061930885363644,0.29360177113682695,0.11192058240731767,0.08259541284502289,0.2937565874622012,0.04883090080791157,0.17232535541977143,0.026657646637909434,0.27608699715795665,0.07684934500643109,0.32065152626800153,0.07433546817225362,0.16652944476772344,0.05803133724453918,0.12193979938396321,0.221290987606621,0.16267146029398247,0.1956382437115583,0.2589322931086935,0.11069344837738956,0.21349653020686846,0.19553178608297841,0.9999999999999999,0.332351066148975,0.061796331931706215
96,0.31542292835703023,0.3146757602108531,0.2355472186024555,0.14276023579600305,0.15667256261259113,0.12618117818622537,0.24141006779100058,0.24720003249534586,0.35362061771125486,0.2242230575751639,0.2226500892980437,0.0977154945061523,0.2635589852337762,0.18236759603822555,0.3085063703546049,0.0,0.27162406661994476,0.2502551359273428,0.2542467260624359,0.23293398583770847,0.06372428794091266,0.24025599385253932,0.18086689826754915,0.2620689606233334,0.21582954026542292,0.1728727402377282,0.1227683642222004,0.2535341497562509,0.18502635647167398,0.3132775402953165,0.10571881661780506,0.2552112785625932,0.27847752242395757,0.19224424060632284,0.1818748716421177,0.26483699507387276,0.08319731004150013,0.1244861622387925,0.17809624077282885,0.1302991198328029,0.1530878974102387,0.2140500986633091,0.20179415871881523,0.23049913917396384,0.07988385834530491,0.0,0.21115633245705187,0.3224389640649399,0.21786770642831949,0.02586174864263176,0.12085847556054143,0.1771943983018827,0.23906862632877848,0.0754526561988861,0.3536715249835551,0.3218236786701044,0.13591609768171464,0.29348305988111667,0.18687134891542745,0.0872403966416636,0.05751191281659766,0.1770895872314369,0.09909017655261725,0.12648554672467166,0.23738118349208417,0.216008305938263,0.10661808877983116,0.18980329503407403,0.153156790474416,0.1375583018940365,0.05396717633607656,0.23205912510162152,0.19499465833921756,0.16097339304152142,0.10371198818518207,0.31554944923374517,0.11800991332668698,0.0978040621451525,0.039645344581585085,0.2981892347342113,0.13643441874324844,0.39822139342015905,0.12397613353424478,0.271375599103156,0.0589746775140091,0.1270111774754484,0.27477139746338286,0.2112589399078521,0.15870211358726388,0.2138332598785496,0.11389661618179914,0.2253520132360187,0.1579320663585108,0.332351066148975,1.0,0.10446868090178951
97,0.06725827838418331,0.11605745254041905,0.06983176081659051,0.10582901959226415,0.09942966511911862,0.02931417411763942,0.044013921555473984,0.05782566747600367,0.09143072276609221,0.2025502365025125,0.06738273034365333,0.18210127337233087,0.07823753512401772,0.05978771199355609,0.06714994936187414,0.018520646355611223,0.1383238822277671,0.09401005183611232,0.12618671402683626,0.05356056063650242,0.005930134251504358,0.07881335935191623,0.13887939851689804,0.13019591066917294,0.028399163196939144,0.047189727298715484,0.34632375362762313,0.2503178907716122,0.10556768422698395,0.14511900730105537,0.14507228941466063,0.07909425468466566,0.27128674275179343,0.051314055178020505,0.2280258163964483,0.12658841097251733,0.05326687969223093,0.007316582223208646,0.057253916207834904,0.09574450765964046,0.023498959930851555,0.13087923424631928,0.03458543877474645,0.15144702538238025,0.13711474034052062,0.0,0.09792024566262048,0.16272445135335425,0.07640770888587567,0.03422826460205476,0.051106362226593594,0.03517776486165821,0.1586793883516004,0.14725847136906722,0.08101515274075587,0.0910704283430268,0.027674802774815432,0.16327912850425894,0.34522582817487985,0.008757061342498153,0.0,0.3289634273747116,0.032235655475186004,0.04387477351698095,0.07437139776680138,0.03859501496973986,0.233514341715072,0.0703851962653773,0.056093210064873826,0.05003167069058598,0.037353898565844354,0.04936056558135542,0.035954048638396796,0.16957023405183147,0.01577073216092809,0.09689677873672659,0.040548604330795865,0.09263378108086372,0.054813436434898846,0.0497266840419244,0.26759668633965256,0.0523470428959409,0.025866676578189966,0.06355183600721959,0.04968773724632221,0.04705489629717415,0.04784627348728962,0.17706321694721552,0.04403757576063487,0.08633652065558649,0.1698711521184265,0.07500248180318039,0.03919210446067797,0.061796331931706215,0.10446868090178951,1.0
